名称,说明,提示,图片文件,实体代码
未命名记录,"2件：2 parts: +20% hp [y]
5件：5 parts: damage +10% [y]
3件：2 parts: +20% hp [y]
4件：2 parts: +20% hp [y]",,assets/images/防具装备/独行者靴子--31b71cf891.png,
春节勇士套装,"3件：3个部分：
隐形伤害增加17%
5件：5个部分：
电力伤害：+25%",,assets/images/防具装备/春节勇士头盔--a49822be55.png,
黑帮恶龙套装,"3件：3个部分：恶龙头盔和战术背心效果+30%。
5件：5个部分：恶龙头盔和战术背心效果+100%。",,assets/images/防具装备/黑帮恶龙裤子--7af0f4da0a.png,
灭绝者套装,"3件：3个零件：灭绝者头盔
和战术背心效果+30%。
5件：5个零件：灭绝者头盔
和战术背心效果+100%。
5件：5个部分：阻隔暗辐射。",,assets/images/防具装备/突击步枪枪手头盔--e5892ccb81.png,
黑帮暗影铠甲套装,"3件：3个部分：
有20%的闪避几率。
5件：5个部分：
移除步枪施加的减速效果。",,assets/images/防具装备/黑帮暗影头盔--5c6e63f3d2.png,
森林游荡者套装,"3件：3个部分：降低毒孢子造成的伤害60%。
5件：5个部分：降低森林野兽 70%的圆形攻击伤害。",,assets/images/防具装备/森林游荡者面具--ac2c639da4.png,
森林野兽套装,"3件：3个部分：增加对铠甲敌人的伤害20%。
5件：5个部分：扩散消除 25%的效果。
5件：5个部分：阻挡刽子手记号效果。",,assets/images/防具装备/森林野兽面具--bb0fc4a7fc.png,
蛇彭特信徒套装,"3件：3个部分：头盔和铠甲服效果+30%。
5件：5个部分：头盔和铠甲服效果+100%。",,assets/images/防具装备/阿依达·维铎头盔--30485d71cc.png,
核判官套装,"3件：3个部分：狂腐士的武器造成的伤害+20%。
5件：5个部分：周期性火焰伤害、 酸性伤害和坟墓火焰伤害+40%。",,assets/images/防具装备/核判官铠甲长袍--fec80b3639.png,
核炬士套装,"3件：3个部分：头盔和铠甲长袍效果+30%。
5件：5个部分：头盔和铠甲长袍效果+100%。",,assets/images/防具装备/核炬士兜帽--08abc03e94.png,
克里姆套装,"3件：3个部分：令重伤造成的伤害减少20%。
5件：5个部分：令重伤造成的伤害减少60%。",,assets/images/防具装备/克里姆面具--df095bb68e.png,
狱吏套装,"3件：3个部分：减少来袭直接伤害20%。
5件：5个部分：对敌人应用刽子手标记的几率：15%。
5件：5个部分：消除重型武器施加的减速效果。",,assets/images/防具装备/狱吏靴子--9242b16f6b.png,
黑龙套装,"2件：2个部分： +30%闪避攻击的几率。 手枪攻击范围增加。
4件：4个部分： 步枪的减速移除。 步枪的攻击范围增加。
5件：5个部分：每击杀一名敌人， 伤害增加4%（最高 20%）。",,assets/images/防具装备/黑龙头盔--271f64c988.png,
要塞兵团的铠甲套装,"2件：2个部分：降低敌人特种部队的攻击伤害25%。
4件：4个部分：消除重型武器的减速效果。
5件：5个部分：对头目造成的伤害+25%。阻止眩晕和减速效果。",,assets/images/防具装备/警戒线-M头盔--c7fe681a25.png,
枢机主教铠甲套装,"5件：5个部分：武器会造成坟墓火焰伤害。
4件：4个部分：阻止狂腐士武器的减速效果。增加狂腐士武器造成暴击伤害的几率。
2件：2个部分：增加直接火焰/坟墓火焰伤害15%。",,assets/images/防具装备/枢机主教靴子--9dc648c8fb.png,
专家铠甲套装,"5件：增加对精英敌人和头目的伤害25%。
4件：提升专家头盔和战术背心效果40%。
3件：增加对精英敌人和头目的伤害15%。",,assets/images/防具装备/狙击手头盔--e8792bbb50.png,
暗黑游荡者套装,"3件：3个部分：常规武器伤害增加15%。
5件：5个部分：增加对精英敌人和头目造成的伤害20%。
3件：3个部分：增加总火焰伤害+15%。",,assets/images/防具装备/暗黑游荡者面具--9eef862fd9.png,
惩教员铠甲套装,"5件：5个部分：散弹枪对你前方锥形范
围内的所有敌人造成65%的伤害。
4件：4个部分：当受到伤害时，有30%的几率产生
一个可以吸收1000点伤害的护盾。
2件：2个部分：减少异象区中的来袭伤害10%。",,assets/images/防具装备/惩教员头盔--965bb844a6.png,
北极铠甲套装,"2件：2个部分：受到伤害后有几率对附近
的敌人造成减速和伤害。
4件：4个部分：有几率施加鹰队标记：3层标记会冻结敌人，
并使其对突击步枪/冲锋枪伤害脆弱。
5件：5个部分：突击步枪/冲锋枪射
击命中你火线上的所有敌人。",,assets/images/防具装备/北极头盔--a5a033d405.png,
鹰队专家铠甲套装,"3件：3个部分：活跃盟友造成暴击伤害的几率提高10%。
暴击攻击的伤害增加35%。
4件：4个部分：将鹰队派系一名活跃盟
友的攻击力增加60%。
5件：5个部分：专家武器的攻击有70%
几率给独特盟友对一名敌人的
攻击施加x2脆弱效果。",,assets/images/防具装备/鹰队专家头盔--b07d306c6c.png,
