名称,说明,提示,图片文件
良好健康,你的身体就是你的圣殿。增加角色的最大生命值。,,assets/images/任务/生存技能--67f66c5d44.png
节制饮食者,你已经习惯了食物短缺。你需要较少的食物即可解除饥饿。,,assets/images/技能/节制饮食者--4b5fd7e4f7.png
饮水者,你知道如何充分利用一口水。你需要较少的水即可解除口渴。,,assets/images/技能/饮水者--8b17a3b0b2.png
刀法达人,刀是供专业人士使用的。增加刀和劈刀的伤害。,,assets/images/技能/刀法达人--848b44aaab.png
未命名记录,,,assets/images/其他物品/贸易联盟商人--cd26bdb1aa.png
护士,提高粗糙绷带的效率。,,assets/images/技能/护士--85e47d977e.png
健康食品,罐头肉可在野外条件下恢复生命值。提高食物的生命值恢复速度。,,assets/images/技能/健康食品--7c644b3764.png
业余长矛兵,"你知道如何刺穿敌人。
增加矛的伤害。",,assets/images/技能/业余长矛兵--a78fad6bcf.png
苦行者,严格的自律可以让你依靠一罐炼乳生存。你需要的食物更少。,,assets/images/技能/苦行者--501866f692.png
伐木人,增加从树木、盒子、托盘和柱子获取更多木板的机会：+{0}。,,assets/images/技能/伐木人--beeda33af1.png
骆驼,作为一个经验丰富的旅行者，你有自己的储水方式。减缓口渴速度。,,assets/images/技能/骆驼--f0e6e5db32.png
切割达人,真正的游荡者知道如何切割。增加切割武器造成的伤害。,,assets/images/技能/切割达人--54395de3ef.png
小型粉碎达人,增加小型粉碎武器造成的伤害。,,assets/images/技能/小型粉碎达人--4e2608973f.png
目光敏锐,你能在树林里找到每一个香菇。增加你找到额外蘑菇的机会：+{0}。,,assets/images/技能/目光敏锐--ba7294701e.png
草药采集者,对于野草，你是个完美主义者。增加你收集更多草茎的机会：+{0}。,,assets/images/技能/草药采集者--7488e0c3aa.png
西红柿种子,增加你收集更多番茄种子的机会：+{0}。,,assets/images/技能/西红柿种子--5680aeaff3.png
投掷达人,增加对单个目标的投掷伤害。,,assets/images/技能/投掷达人--73132865c4.png
地质学家,增加你从砖块中获得更多混凝土的机会：+{0}。,,assets/images/技能/地质学家--040d65b784.png
金属工人,所有旧金属桶都已好好利用。增加从桶中获取更多金属的机会：+{0}。,,assets/images/技能/金属工人--c505e959e1.png
业余猎人,你懂得如何屠宰动物。有机会从被杀死的动物中获取额外的肉：+{0}。,,assets/images/技能/业余猎人--90ff00cb8c.png
新手皮革商,增加从死动物身上找到额外皮革的机会：+{0}。,,assets/images/技能/新手皮革商--d3c807cfb5.png
碎布采集者,领地上每块布都很受重视。增加你在尸体上找到额外碎布的机会：+{0}。,,assets/images/技能/碎布采集者--f857ce1d26.png
业余射手,你可以射中焦尸头上的苹果。增加弓和十字弓的伤害。,,assets/images/技能/业余射手--c250a51c6f.png
禁食教练,你习惯了食物短缺。你不介意有点饿。直接伤害减少的速度会减缓。,,assets/images/技能/禁食教练--15c1b034c3.png
急救士,提高水洗绷带的效率。,,assets/images/技能/急救士--b1132769d6.png
刀法大师,刀是供专业人士使用的。增加刀和劈刀的伤害。,,assets/images/技能/刀法达人--848b44aaab.png
沙漠居民,你的身体甚至可以应付严重的脱水。治疗效率降低的速度会减缓。,,assets/images/技能/沙漠居民--e8b49519ba.png
大师长矛兵,"你知道如何刺穿敌人。
增加矛的伤害。",,assets/images/技能/业余长矛兵--a78fad6bcf.png
切割大师,真正的游荡者知道如何切割。增加切割武器造成的伤害。,,assets/images/技能/切割达人--54395de3ef.png
精明混凝土工人,锤子是手臂的延伸。分解混凝土砖块时，可以节省能量值。,,assets/images/技能/精明混凝土工人--790fe6014b.png
小型粉碎大师,增加小型粉碎武器造成的伤害。,,assets/images/技能/小型粉碎达人--4e2608973f.png
经验丰富的废料收集者,在分解废金属桶时，有机会节省能量值。,,assets/images/技能/经验丰富的废料收集者--7b01923565.png
刀法专家,刀是供专业人士使用的。增加刀和劈刀的伤害。,,assets/images/技能/刀法达人--848b44aaab.png
伐木大师,你像专业人士一样挥斧。有机会在砍伐树木、柱子和托盘获取木材时节省能量值。,,assets/images/技能/伐木大师--ff4f0554c6.png
专家长矛兵,"你知道如何刺穿敌人。
增加矛的伤害。",,assets/images/技能/业余长矛兵--a78fad6bcf.png
投掷大师,增加对单个目标的投掷伤害。,,assets/images/技能/投掷达人--73132865c4.png
硫化工人,看起来你真的需要橡胶！增加你从旧轮胎获得更多橡胶的机会：+{0}。,,assets/images/技能/硫化工人--f681105b47.png
停留者,长距离马拉松对你没什么大不了的。提高全局地图上的步行速度。,,assets/images/技能/停留者--b1ffe9a2b7.png
药水热爱者,一旦你开始喝药水，就没法停止！延长药水效果的持续时间。,,assets/images/技能/药水热爱者--6e986a73a4.png
小型粉碎专家,增加小型粉碎武器造成的伤害。,,assets/images/技能/小型粉碎达人--4e2608973f.png
大师射手,你可以射中焦尸头上的苹果。增加弓和十字弓的伤害。,,assets/images/技能/业余射手--c250a51c6f.png
投掷专家,增加对单个目标的投掷伤害。,,assets/images/技能/投掷达人--73132865c4.png
切割专家,真正的游荡者知道如何切割。增加切割武器造成的伤害。,,assets/images/技能/切割达人--54395de3ef.png
轮胎工,锋利的斧头像剃刀一样切开旧轮胎。在分解橡胶轮胎时，有机会节省能量值。,,assets/images/技能/轮胎工--ff76ce0292.png
手枪达人,领地上没有人敢与你决斗。或许枪手除外。增加手枪的伤害。,,assets/images/技能/手枪达人--f946da6a7c.png
业余投弹兵,你更喜欢对付一大群敌人。增加范围爆炸伤害。,,assets/images/技能/业余投弹兵--a64209b15d.png
新手医生,提高绷带的效率。,,assets/images/技能/新手医生--a4456e2610.png
亚麻采集者,增加你收集更多亚麻种子的机会：+{0}。,,assets/images/技能/亚麻采集者--714d589521.png
手枪大师,领地上没有人敢与你决斗。或许枪手除外。增加手枪的伤害。,,assets/images/技能/手枪达人--f946da6a7c.png
棉花采集者,增加你收集更多棉花种子的机会：+{0}。,,assets/images/技能/棉花采集者--d70f9c60d7.png
专家射手,你可以射中焦尸头上的苹果。增加弓和十字弓的伤害。,,assets/images/技能/业余射手--c250a51c6f.png
散弹枪达人,弹孔越多，敌人越少！增加你的霰弹枪伤害。,,assets/images/技能/散弹枪达人--ec15fd68c1.png
药水爱好者,一旦你开始喝药水，就没法停止！延长药水效果的持续时间。,,assets/images/技能/药水热爱者--6e986a73a4.png
铅皮,你最终可以适应一切。 辐射对你的影响减小。,,assets/images/技能/铅皮--4fd8612269.png
散弹枪大师,弹孔越多，敌人越少！增加你的霰弹枪伤害。,,assets/images/技能/散弹枪达人--ec15fd68c1.png
手枪专家,领地上没有人敢与你决斗。或许枪手除外。增加手枪的伤害。,,assets/images/技能/手枪达人--f946da6a7c.png
新手军医,提高伤口敷料的效率。,,assets/images/技能/新手军医--9d0a8c7d64.png
核战儿童,当辐射水平致命时，你受到的伤害较低。,,assets/images/技能/核战儿童--f4319ba867.png
突击步枪达人,你的手永远不会颤抖。增加突击步枪伤害。,,assets/images/技能/突击步枪达人--a7456cb2a7.png
大师投弹兵,你更喜欢对付一大群敌人。增加范围爆炸伤害。,,assets/images/技能/业余投弹兵--a64209b15d.png
新手刺客,切换到隐形模式下时，有机会节省能量值。,,assets/images/技能/新手刺客--2373928c0c.png
目光锐利,探索和搜寻是你的座右铭！在搜索盒子、衣柜、桶和其他物体时，有机会节省能量值。,,assets/images/技能/目光锐利--44fdb3647c.png
散弹枪专家,弹孔越多，敌人越少！增加你的霰弹枪伤害。,,assets/images/技能/散弹枪达人--ec15fd68c1.png
专家投弹兵,你更喜欢对付一大群敌人。增加范围爆炸伤害。,,assets/images/技能/业余投弹兵--a64209b15d.png
药水鉴赏家,一旦你开始喝药水，就没法停止！延长药水效果的持续时间。,,assets/images/技能/药水热爱者--6e986a73a4.png
业余狙击手,用十字准线瞄准敌人是成功的一半。增加步枪造成的伤害。,,assets/images/技能/业余狙击手--13b1120879.png
突击步枪大师,你的手永远不会颤抖。增加突击步枪伤害。,,assets/images/技能/突击步枪达人--a7456cb2a7.png
药水达人,一旦你开始喝药水，就没法停止！延长药水效果的持续时间。,,assets/images/技能/药水热爱者--6e986a73a4.png
突击步枪专家,你的手永远不会颤抖。增加突击步枪伤害。,,assets/images/技能/突击步枪达人--a7456cb2a7.png
狙击大师,用十字准线瞄准敌人是成功的一半。增加步枪造成的伤害。,,assets/images/技能/业余狙击手--13b1120879.png
狙击专家,用十字准线瞄准敌人是成功的一半。增加步枪造成的伤害。,,assets/images/技能/业余狙击手--13b1120879.png
药水专家,一旦你开始喝药水，就没法停止！延长药水效果的持续时间。,,assets/images/技能/药水热爱者--6e986a73a4.png
完美健康,你的身体就是你的圣殿。增加角色的最大生命值。,,assets/images/任务/生存技能--67f66c5d44.png
活力健康,你的身体就是你的圣殿。增加角色的最大生命值。,,assets/images/技能/活力健康--aab4e5aec1.png
健康饮食大师,罐头肉可在野外条件下恢复生命值。提高食物的生命值恢复速度。,,assets/images/技能/健康食品--7c644b3764.png
健康饮食专家,罐头肉可在野外条件下恢复生命值。提高食物的生命值恢复速度。,,assets/images/技能/健康食品--7c644b3764.png
经验丰富的医生,提高绷带的效率。,,assets/images/技能/新手医生--a4456e2610.png
经验丰富的军医,提高伤口敷料的效率。,,assets/images/技能/新手军医--9d0a8c7d64.png
专业刺客,切换到隐形模式下时，有机会节省能量值。,,assets/images/技能/新手刺客--2373928c0c.png
大师刺客,切换到隐形模式下时，有机会节省能量值。,,assets/images/技能/新手刺客--2373928c0c.png
上师刺客,切换到隐形模式下时，有机会节省能量值。,,assets/images/技能/新手刺客--2373928c0c.png
职业猎人,你懂得如何屠宰动物。从死亡的动物身上获取额外的肉的几率：最多5。,,assets/images/技能/业余猎人--90ff00cb8c.png
专家猎人,你懂得如何屠宰动物。从死亡的动物身上获取额外的肉的几率：最多9。,,assets/images/技能/业余猎人--90ff00cb8c.png
地质学大师,增加你从砖块中获得更多混凝土的几率：最多5。,,assets/images/技能/地质学家--040d65b784.png
地质学专家,增加你从砖块中获得更多混凝土的几率：最多9。,,assets/images/技能/地质学家--040d65b784.png
金工大师,所有旧金属桶都已好好利用。增加从桶中获取更多金属的几率：最多7。,,assets/images/技能/金属工人--c505e959e1.png
金工专家,所有旧金属桶都已好好利用。增加从桶中获取更多金属的几率：最多12。,,assets/images/技能/金属工人--c505e959e1.png
伐木大师,增加从树木、盒子、托盘和柱子获取更多木板的机会： 最多7。,,assets/images/技能/伐木人--beeda33af1.png
伐木专家,增加从树木、盒子、托盘和柱子获取更多木板的机会：最多12。,,assets/images/技能/伐木人--beeda33af1.png
职业皮革商,增加从死亡动物身上找到额外皮革的几率：最多3。,,assets/images/技能/新手皮革商--d3c807cfb5.png
著名皮革商,增加从死亡动物身上找到额外皮革的几率：最多6。,,assets/images/技能/新手皮革商--d3c807cfb5.png
碎布鉴赏家,领地上每块布都很受重视。增加你在尸体上找到额外碎布的几率：最多3。,,assets/images/技能/碎布采集者--f857ce1d26.png
碎布收集者,领地上每块布都很受重视。增加你在尸体上找到额外碎布的几率：最多6。,,assets/images/技能/碎布采集者--f857ce1d26.png
硫化大师,看起来你真的需要橡胶！增加你从旧轮胎获得更多橡胶的几率：最多2。,,assets/images/技能/硫化工人--f681105b47.png
硫化专家,看起来你真的需要橡胶！增加你从旧轮胎获得更多橡胶的几率：最多3。,,assets/images/技能/硫化工人--f681105b47.png
亚麻鉴赏家,增加你收集更多亚麻种子的几率：最多2。,,assets/images/技能/亚麻采集者--714d589521.png
亚麻收集者,增加你收集更多亚麻种子的几率：最多3。,,assets/images/技能/亚麻采集者--714d589521.png
棉花鉴赏家,增加你收集更多棉花种子的几率：最多2。,,assets/images/技能/棉花采集者--d70f9c60d7.png
棉花收集者,增加你收集更多棉花种子的几率：最多3。,,assets/images/技能/棉花采集者--d70f9c60d7.png
未命名记录,,,assets/images/武器/锋利大砍刀--3d9820a371.png
未命名记录,,,assets/images/技能/未命名记录--0b45878c08.png
未命名记录,,,assets/images/技能/未命名记录--525604dde4.png
进度奖赏。第I阶段,,,assets/images/其他物品/进度奖赏。第I阶段--922b985947.png
供应商,领地上没有你找不到的东西。你已准备好掌握技能，这会提升你的角色。,,assets/images/技能/供应商--127084230f.png
进度奖赏。第II阶段,,,assets/images/其他物品/进度奖赏。第I阶段--922b985947.png
战士,让你可以掌握武器，这会使你能够与领地上最好的战士匹敌。,,assets/images/技能/战士--e4ac6ef067.png
生存专家,你的潜力比大多数幸存者都高。你可以掌握技能，充分发挥潜力。,,assets/images/技能/生存专家--67bb84639d.png
战斗奖赏。第I阶段,,,assets/images/其他物品/进度奖赏。第I阶段--922b985947.png
战斗奖赏。第II阶段,,,assets/images/其他物品/进度奖赏。第I阶段--922b985947.png
战斗奖赏。第III阶段,,,assets/images/其他物品/进度奖赏。第I阶段--922b985947.png
战斗奖赏。第IV阶段,,,assets/images/其他物品/进度奖赏。第I阶段--922b985947.png
重击粉碎达人,增加大型粉碎武器造成的伤害。,,assets/images/技能/重击粉碎达人--b10f32e53b.png
重击粉碎大师,增加大型粉碎武器造成的伤害。,,assets/images/技能/重击粉碎达人--b10f32e53b.png
重击粉碎专家,增加大型粉碎武器造成的伤害。,,assets/images/技能/重击粉碎达人--b10f32e53b.png
生存奖赏。第I阶段,,,assets/images/其他物品/进度奖赏。第I阶段--922b985947.png
生存奖赏。第II阶段,,,assets/images/其他物品/进度奖赏。第I阶段--922b985947.png
生存奖赏。第III阶段,,,assets/images/其他物品/进度奖赏。第I阶段--922b985947.png
生存奖赏。第IV阶段,,,assets/images/其他物品/进度奖赏。第I阶段--922b985947.png
资源奖赏。第I阶段,,,assets/images/其他物品/进度奖赏。第I阶段--922b985947.png
资源奖赏。第II阶段,,,assets/images/其他物品/进度奖赏。第I阶段--922b985947.png
资源奖赏。第III阶段,,,assets/images/其他物品/进度奖赏。第I阶段--922b985947.png
资源奖赏。第IV阶段,,,assets/images/其他物品/进度奖赏。第I阶段--922b985947.png
研究员,增加你在黄色区域找到稀有资源和材料的几率。,,assets/images/技能/研究员--c5e5a8c3ce.png
研究大师,增加你在红色区域找到稀有资源和材料的几率。,,assets/images/技能/研究员--c5e5a8c3ce.png
研究专家,增加你在特殊活动中找到稀有资源和材料的几率。,,assets/images/技能/研究员--c5e5a8c3ce.png
业余神器寻找者,有人说，你对异变物品有敏锐的嗅觉。增加你找到神器的几率。,,assets/images/技能/业余神器寻找者--3d5c62c9ba.png
职业神器寻找者,有人说，你对异变物品有敏锐的嗅觉。增加你找到神器的几率。,,assets/images/技能/业余神器寻找者--3d5c62c9ba.png
神器寻找大师,有人说，你对异变物品有敏锐的嗅觉。增加你找到神器的几率。,,assets/images/技能/业余神器寻找者--3d5c62c9ba.png
神器寻找专家,有人说，你对异变物品有敏锐的嗅觉。增加你找到神器的几率。,,assets/images/技能/业余神器寻找者--3d5c62c9ba.png
探水师,如果说会发现什么的话，你可以在井中找到更多的水。,,assets/images/技能/探水师--bb091ed7fb.png
未命名记录,,,assets/images/其他物品/贸易联盟商人--cd26bdb1aa.png
未命名记录,,,assets/images/其他物品/贸易联盟商人--cd26bdb1aa.png
未命名记录,,,assets/images/其他物品/贸易联盟商人--cd26bdb1aa.png
业余黑客,降低撬锁工具折断的风险。,,assets/images/技能/业余黑客--c1accfebbd.png
职业黑客,降低撬锁工具折断的风险。,,assets/images/技能/业余黑客--c1accfebbd.png
专家黑客,降低撬锁工具折断的风险。,,assets/images/技能/业余黑客--c1accfebbd.png
未命名记录,,,assets/images/其他物品/贸易联盟商人--cd26bdb1aa.png
装备大师,解锁你物品栏中的第二个装备和小工具栏位。,,assets/images/技能/装备大师--41b4f72e1d.png
手枪爱好者,它可以帮助你在领地上赢得决斗。增加手枪伤害。,,assets/images/技能/手枪达人--f946da6a7c.png
冲锋枪爱好者,"把敌人扫灭。增加冲锋枪
（SMG）伤害。",,assets/images/技能/冲锋枪爱好者--ca0c2fac01.png
突击步枪爱好者,你的手永远不会颤抖。增加突击步枪伤害。,,assets/images/技能/突击步枪达人--a7456cb2a7.png
自学成才的狙击手,用十字准线瞄准敌人是成功的一半。增加步枪造成的伤害。,,assets/images/技能/业余狙击手--13b1120879.png
散弹枪爱好者,弹孔越多，敌人越少！增加你的霰弹枪伤害。,,assets/images/技能/散弹枪达人--ec15fd68c1.png
新手研究员,增加你在绿色和黄色区找到稀有资源和材料的几率。,,assets/images/技能/研究员--c5e5a8c3ce.png
神器寻找新手,有人说，你对异变物品有敏锐的嗅觉。增加你找到神器的几率。,,assets/images/技能/业余神器寻找者--3d5c62c9ba.png
精明伐木人,你像专业人士一样挥斧。有机会在砍伐树木、柱子和托盘获取木材时节省能量值。,,assets/images/技能/伐木大师--ff4f0554c6.png
冲锋枪达人,"把敌人扫灭。增加冲锋枪
（SMG）伤害。",,assets/images/技能/冲锋枪爱好者--ca0c2fac01.png
冲锋枪大师,"把敌人扫灭。增加冲锋枪
（SMG）伤害。",,assets/images/技能/冲锋枪爱好者--ca0c2fac01.png
冲锋枪专家,"把敌人扫灭。增加冲锋枪
（SMG）伤害。",,assets/images/技能/冲锋枪爱好者--ca0c2fac01.png
武器专家,如果装备了专家铠甲，则会增加专家武器的耐用性。,,assets/images/技能/武器专家--ffed8d7713.png
铠甲专家,完美合身的铠甲。可强化专家铠甲套装的效果。,,assets/images/技能/铠甲专家--481d8a1405.png
隐形大师,增加在隐形模式下发射步枪时的伤害。,,assets/images/技能/隐形大师--572a1d2f5b.png
隐形专家,增加在隐形模式下发射步枪时的伤害。,,assets/images/技能/隐形大师--572a1d2f5b.png
迷彩大师,增加在隐形模式下发射弓/十字弓时的伤害。,,assets/images/技能/迷彩大师--538a60a131.png
迷彩专家,增加在隐形模式下发射弓/十字弓时的伤害。,,assets/images/技能/迷彩大师--538a60a131.png
