名称,英文名称,品质,类型,说明,基础属性,特殊能力,来源提示,图片文件,图片类型
无业游民头巾,Hobo's Bandana,未标注,头部,为脑袋提供轻微防护， 以免受到打击。,耐久：270；基础护甲：35；叠加上限：1；配置修理次数：1,,可以被生产；当前档案有 2 条同名记录；可能来自不同场景、活动或难度，请比较基础属性。；相关工作台：残骸,assets/images/防具装备/无业游民头巾--b13cd3f6ff.png,原版图鉴
无业游民T恤,Hobo's T-Shirt,未标注,内衣,不大可能抵御任何比老鼠大的东西。,耐久：275；基础护甲：50；叠加上限：1；配置修理次数：1,,可以被生产；当前档案有 2 条同名记录；可能来自不同场景、活动或难度，请比较基础属性。；相关工作台：残骸,assets/images/防具装备/无业游民T恤--5b62aaea35.png,原版图鉴
无业游民裤子,Hobo's Pants,未标注,腿部,匆忙缝制的破布裤子。,耐久：285；基础护甲：45；叠加上限：1；配置修理次数：1,,可以被生产；当前档案有 2 条同名记录；可能来自不同场景、活动或难度，请比较基础属性。；相关工作台：残骸,assets/images/防具装备/无业游民裤子--997f5fc22c.png,原版图鉴
无业游民靴子,Hobo's Boots,未标注,足部,很轻， 用碎布和毛皮制成。 约为脚踝的高度。,耐久：280；基础护甲：40；叠加上限：1；配置修理次数：1,,可以被生产；当前档案有 2 条同名记录；可能来自不同场景、活动或难度，请比较基础属性。；相关工作台：残骸,assets/images/防具装备/无业游民靴子--9df182216b.png,原版图鉴
麻袋,Sack,未标注,背包,用碎布缝成的袋子。 适用于携带不太大的物品。,叠加上限：1；储物栏位：5,,可以被生产；相关工作台：残骸,assets/images/防具装备/麻袋--4ca32381dd.png,原版图鉴
无业游民上衣,Hobo's Top,未标注,外套,帆布拼凑， 麻线缝制而成。,耐久：265；基础护甲：80；叠加上限：1；配置修理次数：1,,可以被生产；当前档案有 2 条同名记录；可能来自不同场景、活动或难度，请比较基础属性。；相关工作台：残骸,assets/images/防具装备/无业游民上衣--948df62e37.png,原版图鉴
幸存者衬衫,Survivor's Shirt,未标注,内衣,纯手工亚麻布。 很适合露面或者藏身灌木丛。,耐久：275；基础护甲：85；叠加上限：1；配置修理次数：1,,,assets/images/防具装备/幸存者衬衫--918a0b1fd7.png,原版图鉴
幸存者牛仔裤,Survivor's Jeans,未标注,腿部,这里的饮食糟糕极了，你都无法找到尺寸合适的衣服。,耐久：285；基础护甲：75；叠加上限：1；配置修理次数：1,,,assets/images/防具装备/幸存者牛仔裤--e121395caf.png,原版图鉴
幸存者鞋子,Survivor's Shoes,未标注,足部,饰有兽皮的实用靴子。,耐久：280；基础护甲：60；叠加上限：1；配置修理次数：1,,,assets/images/防具装备/幸存者鞋子--293b3c9b3e.png,原版图鉴
旅行背包,Travel Backpack,未标注,背包,特别大， 可以往里面装口粮和战利品。,叠加上限：1；储物栏位：10,,可以被生产；相关工作台：残骸,assets/images/防具装备/旅行背包--f550f4ae86.png,原版图鉴
袭击者便帽,Raider's Beanie,未标注,头部,高密度针织头饰。,耐久：270；基础护甲：90；叠加上限：1；配置修理次数：1,,,assets/images/防具装备/袭击者便帽--a19de5d72f.png,原版图鉴
袭击者毛衣,Raider's Sweater,未标注,内衣,人们说， 在核战之前， 猎人会将鹿缝在毛衣上以引诱猎物。,耐久：275；基础护甲：140；叠加上限：1；配置修理次数：1,,,assets/images/防具装备/袭击者毛衣--3d56a0769d.png,原版图鉴
袭击者裤子,Raider's Pants,未标注,腿部,厚实且相对耐用的棉质牛仔裤。,耐久：285；基础护甲：160；叠加上限：1；配置修理次数：1,,,assets/images/防具装备/袭击者裤子--4563d71d42.png,原版图鉴
袭击者靴子,Raider's Boots,未标注,足部,缝得很好的靴子， 鞋跟钉得很牢。,耐久：280；基础护甲：110；叠加上限：1；配置修理次数：1,,,assets/images/防具装备/袭击者靴子--aa25987f3d.png,原版图鉴
袭击者连帽衫,Raider's Hoodie,未标注,外套,一件带帽的棉质运动衫， 可以保护你免遭雨水和烈日的伤害。,耐久：265；基础护甲：200；叠加上限：1；配置修理次数：1,,,assets/images/防具装备/袭击者连帽衫--62110d38cf.png,原版图鉴
幸存者头巾,Survivor's Bandana,未标注,头部,领地的典型头饰。,耐久：270；基础护甲：50；叠加上限：1；配置修理次数：1,,,assets/images/防具装备/幸存者头巾--637364aea9.png,原版图鉴
游荡者战术背心,Strider's Tactical Vest,传奇,外套,结实的背心， 搭配腰带和腰包。,耐久：265；基础护甲：560；叠加上限：1；配置修理次数：1；品质：传奇,,可以被生产；当前档案有 7 条同名记录；可能来自不同场景、活动或难度，请比较基础属性。；相关工作台：残骸,assets/images/防具装备/游荡者战术背心--28788b5cf2.png,原版图鉴
游荡者裤子,Strider's Pants,未标注,腿部,带护膝的缝合裤子。 穿上它们， 你就能很好融入游荡者灾难酒吧。,耐久：285；基础护甲：410；叠加上限：1；配置修理次数：1,,可以被生产；当前档案有 5 条同名记录；可能来自不同场景、活动或难度，请比较基础属性。；相关工作台：残骸,assets/images/防具装备/游荡者裤子--537f4bb881.png,原版图鉴
游荡者靴子,Strider's Boots,未标注,足部,领地征服者靴子。 镶嵌金属的厚重军靴。,耐久：280；基础护甲：310；叠加上限：1；配置修理次数：1,,可以被生产；当前档案有 5 条同名记录；可能来自不同场景、活动或难度，请比较基础属性。；相关工作台：残骸,assets/images/防具装备/游荡者靴子--c6873e58e0.png,原版图鉴
防毒面具,Gas Mask,未标注,配件,在领地的某些区域， 没有防毒面具， 每口呼吸都可能致命。,叠加上限：1,,,assets/images/防具装备/防毒面具--6e56f33e8c.png,原版图鉴
侦察员条纹背心,Scout's Striped Vest,未标注,内衣,核战前， 海军陆战队和空降部队常穿条纹背心。,耐久：275；基础护甲：300；叠加上限：1；配置修理次数：1,,当前档案有 5 条同名记录；可能来自不同场景、活动或难度，请比较基础属性。,assets/images/防具装备/侦察员条纹背心--ff3e331934.png,原版图鉴
侦察员风衣,Scout's Windbreaker,未标注,外套,嵌有防护物的迷彩夹克。 适合侦察和战斗任务。,耐久：265；基础护甲：350；叠加上限：1；配置修理次数：1,,当前档案有 5 条同名记录；可能来自不同场景、活动或难度，请比较基础属性。,assets/images/防具装备/侦察员风衣--9592b564db.png,原版图鉴
侦察员靴子,Scout's Boots,未标注,足部,结实的靴子， 适合前往异象区的长途跋涉。,耐久：280；基础护甲：200；叠加上限：1；配置修理次数：1,,当前档案有 5 条同名记录；可能来自不同场景、活动或难度，请比较基础属性。,assets/images/防具装备/侦察员靴子--6996e8a363.png,原版图鉴
Кеды,Кеды,未标注,足部,Первое правило Территорий — регулярные пробежки.,耐久：100；叠加上限：1,,,assets/images/防具装备/Кеды--f2f733d8c3.png,原版图鉴
Черная бандана бездомного,Черная бандана бездомного,未标注,头部,"Пара ветхих тряпок, завязанных на затылке. Можно не вытирать лоб, когда пот застилает глаза.",耐久：100；基础护甲：2；叠加上限：1,,,assets/images/防具装备/Черная бандана бездомного--763dfaf512.png,原版图鉴
Черная шапка налетчика,Черная шапка налетчика,未标注,头部,Головной убор плотной вязки.,耐久：100；基础护甲：1；叠加上限：1,,,assets/images/防具装备/Черная шапка налетчика--bd6c09bfe6.png,原版图鉴
Черный свитер налетчика,Черный свитер налетчика,未标注,内衣,"Говорят, до Пожара охотники вышивали на свитерах оленей, чтобы приманивать добычу.",耐久：100；基础护甲：3；叠加上限：1,,,assets/images/防具装备/Черный свитер налетчика--bf7fdbc1b8.png,原版图鉴
Белая майка,Белая майка,未标注,内衣,"Льняная майка, заляпанная кровью.",耐久：170；基础护甲：10；叠加上限：1,,,assets/images/防具装备/Белая майка--b65f9d89e6.png,原版图鉴
侦察员裤子,Scout's Pants,未标注,腿部,特殊迷彩色可选， 专为领地设计。,耐久：285；基础护甲：260；叠加上限：1；配置修理次数：1,,当前档案有 5 条同名记录；可能来自不同场景、活动或难度，请比较基础属性。,assets/images/防具装备/侦察员裤子--db6576431e.png,原版图鉴
Рубашка камуфляж,Рубашка камуфляж,未标注,内衣,Рубашка камуфляж,耐久：170；基础护甲：4；叠加上限：1,,,assets/images/防具装备/侦察员条纹背心--ff3e331934.png,原版图鉴
Штаны серые,Штаны серые,未标注,腿部,Штаны серые,耐久：100；基础护甲：2；叠加上限：1,,,assets/images/防具装备/Штаны серые--394932b1b6.png,原版图鉴
游荡者战术背心,Strider's Tactical Vest,未标注,外套,结实的背心， 搭配腰带和腰包。,耐久：270；基础护甲：25；叠加上限：1,,当前档案有 7 条同名记录；可能来自不同场景、活动或难度，请比较基础属性。,assets/images/防具装备/游荡者战术背心--28788b5cf2.png,原版图鉴
游荡者运动衫,Strider's Sweatshirt,未标注,内衣,带衬里的优质运动衫。 它还附有一个空狗牌， 以填写游荡者队员的姓名。,耐久：275；基础护甲：470；叠加上限：1；配置修理次数：1,,可以被生产；当前档案有 5 条同名记录；可能来自不同场景、活动或难度，请比较基础属性。；相关工作台：残骸,assets/images/防具装备/游荡者运动衫--a739668262.png,原版图鉴
独行者上衣,Loner's Top,罕见,外套,帆布拼凑， 麻线缝制而成。,耐久：265；基础护甲：210；叠加上限：1；配置修理次数：1；品质：罕见,,,assets/images/防具装备/独行者上衣--5ace694820.png,原版图鉴
漫游者牛仔裤,Roamer's Jeans,罕见,腿部,这里的饮食糟糕极了，你都无法找到尺寸合适的衣服。,耐久：285；基础护甲：275；叠加上限：1；配置修理次数：1；品质：罕见,,,assets/images/防具装备/漫游者牛仔裤--037be93ae6.png,原版图鉴
漫游者鞋子,Roamer's Shoes,罕见,足部,饰有兽皮的实用靴子。,耐久：280；基础护甲：215；叠加上限：1；配置修理次数：1；品质：罕见,,,assets/images/防具装备/漫游者鞋子--762facbc25.png,原版图鉴
漫游者头巾,Roamer's Bandana,罕见,头部,领地的典型头饰。,耐久：270；基础护甲：180；叠加上限：1；配置修理次数：1；品质：罕见,,,assets/images/防具装备/漫游者头巾--1ca6aa24ee.png,原版图鉴
漫游者衬衫,Roamer's Shirt,罕见,内衣,纯手工亚麻布。 很适合露面或者藏身灌木丛。,耐久：275；基础护甲：315；叠加上限：1；配置修理次数：1；品质：罕见,,,assets/images/防具装备/漫游者衬衫--425ebe74a8.png,原版图鉴
掠夺者连帽衫,Marauder's Hoodie,罕见,外套,一件带帽的棉质运动衫， 可以保护你免遭雨水和烈日的伤害。,耐久：265；基础护甲：585；叠加上限：1；配置修理次数：1；品质：罕见,,,assets/images/防具装备/掠夺者连帽衫--6eef9ac518.png,原版图鉴
掠夺者裤子,Marauder's Pants,罕见,腿部,厚实且相对耐用的棉质牛仔裤。,耐久：285；基础护甲：425；叠加上限：1；配置修理次数：1；品质：罕见,,,assets/images/防具装备/掠夺者裤子--29ed12e7bb.png,原版图鉴
掠夺者靴子,Marauder's Boots,罕见,足部,缝得很好的靴子， 鞋跟钉得很牢。,耐久：280；基础护甲：325；叠加上限：1；配置修理次数：1；品质：罕见,,,assets/images/防具装备/掠夺者靴子--41eafb7b1c.png,原版图鉴
掠夺者便帽,Marauder's Beanie,罕见,头部,高密度针织头饰。,耐久：270；基础护甲：270；叠加上限：1；配置修理次数：1；品质：罕见,,,assets/images/防具装备/掠夺者便帽--4dc25bf622.png,原版图鉴
掠夺者毛衣,Marauder's Sweater,罕见,内衣,人们说， 在核战之前， 猎人会将鹿缝在毛衣上以引诱猎物。,耐久：275；基础护甲：495；叠加上限：1；配置修理次数：1；品质：罕见,,,assets/images/防具装备/掠夺者毛衣--4d105911d7.png,原版图鉴
追踪者裤子,Tracker's Pants,罕见,腿部,特殊迷彩色可选， 专为领地设计。,耐久：285；基础护甲：780；叠加上限：1；配置修理次数：1；品质：罕见,,当前档案有 5 条同名记录；可能来自不同场景、活动或难度，请比较基础属性。,assets/images/防具装备/追踪者裤子--947d1ed679.png,原版图鉴
追踪者靴子,Tracker's Boots,罕见,足部,结实的靴子， 适合前往异象区的长途跋涉。,耐久：280；基础护甲：570；叠加上限：1；配置修理次数：1；品质：罕见,,当前档案有 5 条同名记录；可能来自不同场景、活动或难度，请比较基础属性。,assets/images/防具装备/追踪者靴子--96f200d35a.png,原版图鉴
追踪者条纹背心,Tracker's Striped Vest,罕见,内衣,核战前， 海军陆战队和空降部队常穿条纹背心。,耐久：275；基础护甲：885；叠加上限：1；配置修理次数：1；品质：罕见,,当前档案有 5 条同名记录；可能来自不同场景、活动或难度，请比较基础属性。,assets/images/防具装备/追踪者条纹背心--f84af7516e.png,原版图鉴
追踪者风衣,Tracker's Windbreaker,罕见,外套,嵌有防护物的迷彩夹克。 适合侦察和战斗任务。,耐久：265；基础护甲：1050；叠加上限：1；配置修理次数：1；品质：罕见,,当前档案有 5 条同名记录；可能来自不同场景、活动或难度，请比较基础属性。,assets/images/防具装备/追踪者风衣--7ce54d9e1e.png,原版图鉴
向导裤子,Guide's Pants,罕见,腿部,带护膝的缝合裤子。 穿上它们， 你就能很好融入游荡者灾难酒吧。,耐久：285；基础护甲：1200；叠加上限：1；配置修理次数：1；品质：罕见,,当前档案有 5 条同名记录；可能来自不同场景、活动或难度，请比较基础属性。,assets/images/防具装备/向导裤子--71daa229be.png,原版图鉴
向导靴子,Guide's Boots,罕见,足部,领地征服者靴子。 镶嵌金属的厚重军靴。,耐久：280；基础护甲：900；叠加上限：1；配置修理次数：1；品质：罕见,,当前档案有 5 条同名记录；可能来自不同场景、活动或难度，请比较基础属性。,assets/images/防具装备/向导靴子--7fc1989375.png,原版图鉴
向导运动衫,Guide's Sweatshirt,罕见,内衣,带衬里的优质运动衫。 它还附有一个空狗牌， 以填写游荡者队员的姓名。,耐久：275；基础护甲：1350；叠加上限：1；配置修理次数：1；品质：罕见,,当前档案有 5 条同名记录；可能来自不同场景、活动或难度，请比较基础属性。,assets/images/防具装备/向导运动衫--41f698d45d.png,原版图鉴
向导战术背心,Guide's Tactical Vest,未标注,外套,结实的背心， 搭配腰带和腰包。,耐久：265；基础护甲：1800；叠加上限：1；配置修理次数：1,,本条目存在多个品质标签，未合并为单一品质。；当前档案有 5 条同名记录；可能来自不同场景、活动或难度，请比较基础属性。,assets/images/防具装备/向导战术背心--8ae6aab6f7.png,原版图鉴
野外防毒面具,Field Gas Mask,未标注,配件,在普通防毒面具无效的区域， 战前防毒面具可以帮助你存活下来。,耐久：360；叠加上限：1,,,assets/images/防具装备/防毒面具--6e56f33e8c.png,原版图鉴
猎人项链,Hunter's Necklace,未标注,配件,老练猎人的徽章。,耐久：100；叠加上限：1,,当前档案有 2 条同名记录；可能来自不同场景、活动或难度，请比较基础属性。,assets/images/防具装备/猎人项链--52462f85cc.png,原版图鉴
独行者裤子,Loner's Pants,罕见,腿部,匆忙缝制的破布裤子。,耐久：285；基础护甲：170；叠加上限：1；配置修理次数：1；品质：罕见,,,assets/images/防具装备/独行者裤子--7bdcc5ea53.png,原版图鉴
独行者运动衫,Loner's Sweatshirt,罕见,内衣,不大可能抵御任何比老鼠大的东西。,耐久：275；基础护甲：150；叠加上限：1；配置修理次数：1；品质：罕见,,,assets/images/防具装备/独行者运动衫--f4b76fe078.png,原版图鉴
独行者头巾,Loner's Bandana,罕见,头部,升级版无业游民头巾。,耐久：270；基础护甲：100；叠加上限：1；配置修理次数：1；品质：罕见,,,assets/images/防具装备/独行者头巾--5fb3823fa9.png,原版图鉴
独行者靴子,Loner's Boots,罕见,足部,很轻， 用碎布和毛皮制成。 约为脚踝的高度。,耐久：280；基础护甲：120；叠加上限：1；配置修理次数：1；品质：罕见,,,assets/images/防具装备/独行者靴子--31b71cf891.png,原版图鉴
射箭护腕,Archery Bracer,未标注,配件,娴熟弓箭手的护腕。,耐久：130000；叠加上限：1,,,assets/images/防具装备/射箭护腕--ec68de9e85.png,原版图鉴
钓竿,Fishing Rod,未标注,配件,用你手边的任何材料做的临时钓竿。,耐久：275；叠加上限：1,,可以被生产；相关工作台：残骸,assets/images/防具装备/钓竿--ea49359214.png,原版图鉴
幸存者夹克,Survivor's Jacket,未标注,外套,战前设计的牛仔夹克。 这件夹克破烂不堪， 但还是能为你提供还过得去的保护， 尤其当你没有其他衣物时。,耐久：265；基础护甲：130；叠加上限：1；配置修理次数：1,,,assets/images/防具装备/幸存者夹克--ad79c09932.png,原版图鉴
漫游者背心,Roamer's Vest,罕见,外套,战前设计的牛仔夹克。 这件夹克破烂不堪， 但还是能为你提供还过得去的保护， 尤其当你没有其他衣物时。,耐久：265；基础护甲：365；叠加上限：1；配置修理次数：1；品质：罕见,,,assets/images/防具装备/漫游者背心--c7341008f5.png,原版图鉴
Exterminator's Helmet,Exterminator's Helmet,未标注,头部,Equipment item belonging to a legendary scout and sniper.,耐久：270；基础护甲：950；叠加上限：1,,当前档案有 2 条同名记录；可能来自不同场景、活动或难度，请比较基础属性。,assets/images/防具装备/Exterminator's Helmet--7fd264f297.png,原版图鉴
Exterminator's Vest,Exterminator's Vest,未标注,外套,Equipment item belonging to a legendary scout and sniper.,耐久：265；基础护甲：2000；叠加上限：1,,当前档案有 2 条同名记录；可能来自不同场景、活动或难度，请比较基础属性。,assets/images/防具装备/Exterminator's Vest--addce71366.png,原版图鉴
灭绝者上衣,Exterminator's Sweatshirt,未标注,内衣,,耐久：275；基础护甲：1550；叠加上限：1,,当前档案有 3 条同名记录；可能来自不同场景、活动或难度，请比较基础属性。,assets/images/防具装备/灭绝者上衣--95f170c836.png,原版图鉴
Exterminator's Pants,Exterminator's Pants,未标注,腿部,Equipment item belonging to a legendary scout and sniper.,耐久：285；基础护甲：1400；叠加上限：1,,当前档案有 2 条同名记录；可能来自不同场景、活动或难度，请比较基础属性。,assets/images/防具装备/Exterminator's Pants--661b7c70a2.png,原版图鉴
灭绝者靴子,Exterminator's Boots,未标注,足部,,耐久：280；基础护甲：1100；叠加上限：1,,当前档案有 3 条同名记录；可能来自不同场景、活动或难度，请比较基础属性。,assets/images/防具装备/灭绝者靴子--cda3d617f7.png,原版图鉴
侦察员帽子,Scout's Cap,未标注,头部,很适合遮阳， 并保护脑袋免受外部伤害。,耐久：270；基础护甲：170；叠加上限：1；配置修理次数：1,,当前档案有 5 条同名记录；可能来自不同场景、活动或难度，请比较基础属性。,assets/images/防具装备/侦察员帽子--3120eb6b2a.png,原版图鉴
追踪者帽子,Tracker's Cap,罕见,头部,很适合遮阳， 并保护脑袋免受外部伤害。,耐久：270；基础护甲：465；叠加上限：1；配置修理次数：1；品质：罕见,,当前档案有 5 条同名记录；可能来自不同场景、活动或难度，请比较基础属性。,assets/images/防具装备/追踪者帽子--fe85886315.png,原版图鉴
南瓜脑袋面具,Pumpkin Head Mask,未标注,头部,戴上南瓜脑袋， 让陌生人胆战心惊， 用地狱之火烧死敌人吧。,耐久：360；基础护甲：150；叠加上限：1,,当前档案有 2 条同名记录；可能来自不同场景、活动或难度，请比较基础属性。,assets/images/防具装备/南瓜脑袋面具--bf807f146e.png,原版图鉴
Exterminator's Helmet,Exterminator's Helmet,未标注,头部,Equipment item belonging to a legendary scout and sniper.,耐久：270；基础护甲：950；叠加上限：1,,当前档案有 2 条同名记录；可能来自不同场景、活动或难度，请比较基础属性。,assets/images/防具装备/Exterminator's Helmet--7fd264f297.png,原版图鉴
Exterminator's Vest,Exterminator's Vest,未标注,外套,Equipment item belonging to a legendary scout and sniper.,耐久：265；基础护甲：2000；叠加上限：1,,当前档案有 2 条同名记录；可能来自不同场景、活动或难度，请比较基础属性。,assets/images/防具装备/Exterminator's Vest--addce71366.png,原版图鉴
灭绝者上衣,Exterminator's Sweatshirt,未标注,内衣,,耐久：275；基础护甲：1550；叠加上限：1,,当前档案有 3 条同名记录；可能来自不同场景、活动或难度，请比较基础属性。,assets/images/防具装备/灭绝者上衣--95f170c836.png,原版图鉴
Exterminator's Pants,Exterminator's Pants,未标注,腿部,Equipment item belonging to a legendary scout and sniper.,耐久：285；基础护甲：1400；叠加上限：1,,当前档案有 2 条同名记录；可能来自不同场景、活动或难度，请比较基础属性。,assets/images/防具装备/Exterminator's Pants--661b7c70a2.png,原版图鉴
灭绝者靴子,Exterminator's Boots,未标注,足部,,耐久：280；基础护甲：1100；叠加上限：1,,当前档案有 3 条同名记录；可能来自不同场景、活动或难度，请比较基础属性。,assets/images/防具装备/灭绝者靴子--cda3d617f7.png,原版图鉴
猎人项链,Hunter's Necklace,未标注,配件,老练猎人的徽章。,耐久：275；叠加上限：1,,当前档案有 2 条同名记录；可能来自不同场景、活动或难度，请比较基础属性。,assets/images/防具装备/猎人项链--52462f85cc.png,原版图鉴
Кожаная сумка,Кожаная сумка,未标注,配件,Прочная наплечная сумка из сыромятной кожи.,叠加上限：1；储物栏位：5,,,assets/images/防具装备/Кожаная сумка--8460976b6a.png,原版图鉴
Свитер с лосем,Свитер с лосем,未标注,内衣,"Мода на такие свитера пришла на Территории от Лесовиков, украшающих их символами защиты от радиации, диких животных и горелых.

Можно найти в носке с подарками.",耐久：365；基础护甲：330；叠加上限：1,,,assets/images/防具装备/Свитер с лосем--a7c1e20775.png,原版图鉴
地雷探测器,Mine Detector,未标注,配件,地雷和陷阱狩猎装置。 你也可以用它来查找藏匿处。 在电子异象区应当谨慎使用。,耐久：300；叠加上限：1,,,assets/images/防具装备/地雷探测器--7d0cf56163.png,原版图鉴
Свитер с горелым,Свитер с горелым,未标注,内衣,"Мода на такие свитера пришла на Территории от Лесовиков, украшающих их символами защиты от радиации, диких животных и горелых.

Можно найти в носке с подарками.",耐久：365；基础护甲：330；叠加上限：1,,,assets/images/防具装备/Свитер с горелым--98c4a0d53c.png,原版图鉴
Атомный свитер,Атомный свитер,未标注,内衣,"Мода на такие свитера пришла на Территории от Лесовиков, украшающих их символами защиты от радиации, диких животных и горелых.

Можно найти в носке с подарками.",耐久：365；基础护甲：330；叠加上限：1,,,assets/images/防具装备/Атомный свитер--038ef39218.png,原版图鉴
游荡者便帽,Strider's Beanie,未标注,头部,带衬里的防水帽。 游荡者的典型头饰。,耐久：270；基础护甲：250；叠加上限：1；配置修理次数：1,,可以被生产；当前档案有 5 条同名记录；可能来自不同场景、活动或难度，请比较基础属性。；相关工作台：残骸,assets/images/防具装备/游荡者便帽--95d0b6215d.png,原版图鉴
向导便帽,Guide's Beanie,罕见,头部,带衬里的防水帽。 游荡者的典型头饰。,耐久：270；基础护甲：750；叠加上限：1；配置修理次数：1；品质：罕见,,当前档案有 5 条同名记录；可能来自不同场景、活动或难度，请比较基础属性。,assets/images/防具装备/向导便帽--b9cc1c5d8c.png,原版图鉴
箭袋,Quiver,未标注,配件,专业弓箭手的装备，可让你发射更多的箭。,耐久：130000；叠加上限：1,,,assets/images/防具装备/箭袋--0d99c1af5d.png,原版图鉴
游荡者战术背心,Strider's Tactical Vest,传奇,,结实的背心， 搭配腰带和腰包。,耐久：265；叠加上限：1；品质：传奇,,当前档案有 7 条同名记录；可能来自不同场景、活动或难度，请比较基础属性。,assets/images/防具装备/游荡者战术背心--28788b5cf2.png,原版图鉴
游荡者战术背心,Strider's Tactical Vest,传奇,外套,结实的背心， 搭配腰带和腰包。,耐久：265；基础护甲：150；叠加上限：1；品质：传奇,,当前档案有 7 条同名记录；可能来自不同场景、活动或难度，请比较基础属性。,assets/images/防具装备/游荡者战术背心--28788b5cf2.png,原版图鉴
游荡者战术背心,Strider's Tactical Vest,传奇,外套,结实的背心， 搭配腰带和腰包。,耐久：265；基础护甲：220；叠加上限：1；品质：传奇,,当前档案有 7 条同名记录；可能来自不同场景、活动或难度，请比较基础属性。,assets/images/防具装备/游荡者战术背心--28788b5cf2.png,原版图鉴
游荡者战术背心,Strider's Tactical Vest,传奇,外套,结实的背心， 搭配腰带和腰包。,耐久：265；基础护甲：420；叠加上限：1；品质：传奇,,当前档案有 7 条同名记录；可能来自不同场景、活动或难度，请比较基础属性。,assets/images/防具装备/游荡者战术背心--28788b5cf2.png,原版图鉴
游荡者便帽,Strider's Beanie,未标注,,带衬里的防水帽。 游荡者的典型头饰。,耐久：270；叠加上限：1,,当前档案有 5 条同名记录；可能来自不同场景、活动或难度，请比较基础属性。,assets/images/防具装备/游荡者便帽--95d0b6215d.png,原版图鉴
游荡者便帽,Strider's Beanie,未标注,头部,带衬里的防水帽。 游荡者的典型头饰。,耐久：270；基础护甲：70；叠加上限：1,,当前档案有 5 条同名记录；可能来自不同场景、活动或难度，请比较基础属性。,assets/images/防具装备/游荡者便帽--95d0b6215d.png,原版图鉴
游荡者便帽,Strider's Beanie,未标注,头部,带衬里的防水帽。 游荡者的典型头饰。,耐久：270；基础护甲：110；叠加上限：1,,当前档案有 5 条同名记录；可能来自不同场景、活动或难度，请比较基础属性。,assets/images/防具装备/游荡者便帽--95d0b6215d.png,原版图鉴
游荡者便帽,Strider's Beanie,未标注,头部,带衬里的防水帽。 游荡者的典型头饰。,耐久：270；基础护甲：150；叠加上限：1,,当前档案有 5 条同名记录；可能来自不同场景、活动或难度，请比较基础属性。,assets/images/防具装备/游荡者便帽--95d0b6215d.png,原版图鉴
游荡者运动衫,Strider's Sweatshirt,未标注,内衣,带衬里的优质运动衫。 它还附有一个空狗牌， 以填写游荡者队员的姓名。,耐久：275；基础护甲：75；叠加上限：1,,当前档案有 5 条同名记录；可能来自不同场景、活动或难度，请比较基础属性。,assets/images/防具装备/游荡者运动衫--a739668262.png,原版图鉴
游荡者运动衫,Strider's Sweatshirt,未标注,内衣,带衬里的优质运动衫。 它还附有一个空狗牌， 以填写游荡者队员的姓名。,耐久：275；基础护甲：105；叠加上限：1,,当前档案有 5 条同名记录；可能来自不同场景、活动或难度，请比较基础属性。,assets/images/防具装备/游荡者运动衫--a739668262.png,原版图鉴
游荡者运动衫,Strider's Sweatshirt,未标注,内衣,带衬里的优质运动衫。 它还附有一个空狗牌， 以填写游荡者队员的姓名。,耐久：275；基础护甲：180；叠加上限：1,,当前档案有 5 条同名记录；可能来自不同场景、活动或难度，请比较基础属性。,assets/images/防具装备/游荡者运动衫--a739668262.png,原版图鉴
游荡者运动衫,Strider's Sweatshirt,未标注,内衣,带衬里的优质运动衫。 它还附有一个空狗牌， 以填写游荡者队员的姓名。,耐久：275；基础护甲：320；叠加上限：1,,当前档案有 5 条同名记录；可能来自不同场景、活动或难度，请比较基础属性。,assets/images/防具装备/游荡者运动衫--a739668262.png,原版图鉴
游荡者裤子,Strider's Pants,未标注,,带护膝的缝合裤子。 穿上它们， 你就能很好融入游荡者灾难酒吧。,耐久：285；叠加上限：1,,当前档案有 5 条同名记录；可能来自不同场景、活动或难度，请比较基础属性。,assets/images/防具装备/游荡者裤子--537f4bb881.png,原版图鉴
游荡者裤子,Strider's Pants,未标注,腿部,带护膝的缝合裤子。 穿上它们， 你就能很好融入游荡者灾难酒吧。,耐久：285；基础护甲：95；叠加上限：1,,当前档案有 5 条同名记录；可能来自不同场景、活动或难度，请比较基础属性。,assets/images/防具装备/游荡者裤子--537f4bb881.png,原版图鉴
游荡者裤子,Strider's Pants,未标注,腿部,带护膝的缝合裤子。 穿上它们， 你就能很好融入游荡者灾难酒吧。,耐久：285；基础护甲：160；叠加上限：1,,当前档案有 5 条同名记录；可能来自不同场景、活动或难度，请比较基础属性。,assets/images/防具装备/游荡者裤子--537f4bb881.png,原版图鉴
游荡者裤子,Strider's Pants,未标注,腿部,带护膝的缝合裤子。 穿上它们， 你就能很好融入游荡者灾难酒吧。,耐久：285；基础护甲：300；叠加上限：1,,当前档案有 5 条同名记录；可能来自不同场景、活动或难度，请比较基础属性。,assets/images/防具装备/游荡者裤子--537f4bb881.png,原版图鉴
游荡者靴子,Strider's Boots,未标注,,领地征服者靴子。 镶嵌金属的厚重军靴。,耐久：280；叠加上限：1,,当前档案有 5 条同名记录；可能来自不同场景、活动或难度，请比较基础属性。,assets/images/防具装备/游荡者靴子--c6873e58e0.png,原版图鉴
游荡者靴子,Strider's Boots,未标注,足部,领地征服者靴子。 镶嵌金属的厚重军靴。,耐久：280；基础护甲：80；叠加上限：1,,当前档案有 5 条同名记录；可能来自不同场景、活动或难度，请比较基础属性。,assets/images/防具装备/游荡者靴子--c6873e58e0.png,原版图鉴
游荡者靴子,Strider's Boots,未标注,足部,领地征服者靴子。 镶嵌金属的厚重军靴。,耐久：280；基础护甲：130；叠加上限：1,,当前档案有 5 条同名记录；可能来自不同场景、活动或难度，请比较基础属性。,assets/images/防具装备/游荡者靴子--c6873e58e0.png,原版图鉴
游荡者靴子,Strider's Boots,未标注,足部,领地征服者靴子。 镶嵌金属的厚重军靴。,耐久：280；基础护甲：210；叠加上限：1,,当前档案有 5 条同名记录；可能来自不同场景、活动或难度，请比较基础属性。,assets/images/防具装备/游荡者靴子--c6873e58e0.png,原版图鉴
向导战术背心,Guide's Tactical Vest,未标注,外套,结实的背心， 搭配腰带和腰包。,耐久：355；基础护甲：165；叠加上限：1,,本条目存在多个品质标签，未合并为单一品质。；当前档案有 5 条同名记录；可能来自不同场景、活动或难度，请比较基础属性。,assets/images/防具装备/向导战术背心--30b8bceec0.png,原版图鉴
向导战术背心,Guide's Tactical Vest,未标注,外套,结实的背心， 搭配腰带和腰包。,耐久：355；基础护甲：240；叠加上限：1,,本条目存在多个品质标签，未合并为单一品质。；当前档案有 5 条同名记录；可能来自不同场景、活动或难度，请比较基础属性。,assets/images/防具装备/向导战术背心--30b8bceec0.png,原版图鉴
向导战术背心,Guide's Tactical Vest,未标注,外套,结实的背心， 搭配腰带和腰包。,耐久：355；基础护甲：470；叠加上限：1,,本条目存在多个品质标签，未合并为单一品质。；当前档案有 5 条同名记录；可能来自不同场景、活动或难度，请比较基础属性。,assets/images/防具装备/向导战术背心--30b8bceec0.png,原版图鉴
向导战术背心,Guide's Tactical Vest,未标注,外套,结实的背心， 搭配腰带和腰包。,耐久：355；基础护甲：680；叠加上限：1,,本条目存在多个品质标签，未合并为单一品质。；当前档案有 5 条同名记录；可能来自不同场景、活动或难度，请比较基础属性。,assets/images/防具装备/向导战术背心--30b8bceec0.png,原版图鉴
向导便帽,Guide's Beanie,罕见,头部,带衬里的防水帽。 游荡者的典型头饰。,耐久：360；基础护甲：80；叠加上限：1；品质：罕见,,当前档案有 5 条同名记录；可能来自不同场景、活动或难度，请比较基础属性。,assets/images/防具装备/向导便帽--e735c4b95d.png,原版图鉴
向导便帽,Guide's Beanie,未标注,头部,带衬里的防水帽。 游荡者的典型头饰。,耐久：360；基础护甲：130；叠加上限：1,,当前档案有 5 条同名记录；可能来自不同场景、活动或难度，请比较基础属性。,assets/images/防具装备/向导便帽--e735c4b95d.png,原版图鉴
向导便帽,Guide's Beanie,罕见,头部,带衬里的防水帽。 游荡者的典型头饰。,耐久：360；基础护甲：190；叠加上限：1；品质：罕见,,当前档案有 5 条同名记录；可能来自不同场景、活动或难度，请比较基础属性。,assets/images/防具装备/向导便帽--e735c4b95d.png,原版图鉴
向导便帽,Guide's Beanie,罕见,头部,带衬里的防水帽。 游荡者的典型头饰。,耐久：360；基础护甲：370；叠加上限：1；品质：罕见,,当前档案有 5 条同名记录；可能来自不同场景、活动或难度，请比较基础属性。,assets/images/防具装备/向导便帽--e735c4b95d.png,原版图鉴
向导运动衫,Guide's Sweatshirt,罕见,内衣,带衬里的优质运动衫。 它还附有一个空狗牌， 以填写游荡者队员的姓名。,耐久：365；基础护甲：110；叠加上限：1；品质：罕见,,当前档案有 5 条同名记录；可能来自不同场景、活动或难度，请比较基础属性。,assets/images/防具装备/向导运动衫--2e0ca5db37.png,原版图鉴
向导运动衫,Guide's Sweatshirt,罕见,内衣,带衬里的优质运动衫。 它还附有一个空狗牌， 以填写游荡者队员的姓名。,耐久：365；基础护甲：200；叠加上限：1；品质：罕见,,当前档案有 5 条同名记录；可能来自不同场景、活动或难度，请比较基础属性。,assets/images/防具装备/向导运动衫--2e0ca5db37.png,原版图鉴
向导运动衫,Guide's Sweatshirt,罕见,内衣,带衬里的优质运动衫。 它还附有一个空狗牌， 以填写游荡者队员的姓名。,耐久：365；基础护甲：350；叠加上限：1；品质：罕见,,当前档案有 5 条同名记录；可能来自不同场景、活动或难度，请比较基础属性。,assets/images/防具装备/向导运动衫--2e0ca5db37.png,原版图鉴
向导运动衫,Guide's Sweatshirt,罕见,内衣,带衬里的优质运动衫。 它还附有一个空狗牌， 以填写游荡者队员的姓名。,耐久：365；基础护甲：590；叠加上限：1；品质：罕见,,当前档案有 5 条同名记录；可能来自不同场景、活动或难度，请比较基础属性。,assets/images/防具装备/向导运动衫--2e0ca5db37.png,原版图鉴
向导裤子,Guide's Pants,罕见,腿部,带护膝的缝合裤子。 穿上它们， 你就能很好融入游荡者灾难酒吧。,耐久：375；基础护甲：100；叠加上限：1；品质：罕见,,当前档案有 5 条同名记录；可能来自不同场景、活动或难度，请比较基础属性。,assets/images/防具装备/向导裤子--220890aa45.png,原版图鉴
向导裤子,Guide's Pants,罕见,腿部,带护膝的缝合裤子。 穿上它们， 你就能很好融入游荡者灾难酒吧。,耐久：375；基础护甲：180；叠加上限：1；品质：罕见,,当前档案有 5 条同名记录；可能来自不同场景、活动或难度，请比较基础属性。,assets/images/防具装备/向导裤子--220890aa45.png,原版图鉴
向导裤子,Guide's Pants,罕见,腿部,带护膝的缝合裤子。 穿上它们， 你就能很好融入游荡者灾难酒吧。,耐久：375；基础护甲：330；叠加上限：1；品质：罕见,,当前档案有 5 条同名记录；可能来自不同场景、活动或难度，请比较基础属性。,assets/images/防具装备/向导裤子--220890aa45.png,原版图鉴
向导裤子,Guide's Pants,罕见,腿部,带护膝的缝合裤子。 穿上它们， 你就能很好融入游荡者灾难酒吧。,耐久：375；基础护甲：530；叠加上限：1；品质：罕见,,当前档案有 5 条同名记录；可能来自不同场景、活动或难度，请比较基础属性。,assets/images/防具装备/向导裤子--220890aa45.png,原版图鉴
向导靴子,Guide's Boots,罕见,足部,领地征服者靴子。 镶嵌金属的厚重军靴。,耐久：370；基础护甲：95；叠加上限：1；品质：罕见,,当前档案有 5 条同名记录；可能来自不同场景、活动或难度，请比较基础属性。,assets/images/防具装备/向导靴子--fa9fa303ad.png,原版图鉴
向导靴子,Guide's Boots,罕见,足部,领地征服者靴子。 镶嵌金属的厚重军靴。,耐久：370；基础护甲：150；叠加上限：1；品质：罕见,,当前档案有 5 条同名记录；可能来自不同场景、活动或难度，请比较基础属性。,assets/images/防具装备/向导靴子--fa9fa303ad.png,原版图鉴
向导靴子,Guide's Boots,罕见,足部,领地征服者靴子。 镶嵌金属的厚重军靴。,耐久：370；基础护甲：260；叠加上限：1；品质：罕见,,当前档案有 5 条同名记录；可能来自不同场景、活动或难度，请比较基础属性。,assets/images/防具装备/向导靴子--fa9fa303ad.png,原版图鉴
向导靴子,Guide's Boots,罕见,足部,领地征服者靴子。 镶嵌金属的厚重军靴。,耐久：370；基础护甲：430；叠加上限：1；品质：罕见,,当前档案有 5 条同名记录；可能来自不同场景、活动或难度，请比较基础属性。,assets/images/防具装备/向导靴子--fa9fa303ad.png,原版图鉴
追踪者风衣,Tracker's Windbreaker,罕见,外套,嵌有防护物的迷彩夹克。 适合侦察和战斗任务。,耐久：355；基础护甲：145；叠加上限：1；品质：罕见,,当前档案有 5 条同名记录；可能来自不同场景、活动或难度，请比较基础属性。,assets/images/防具装备/追踪者风衣--2d85c8526a.png,原版图鉴
追踪者风衣,Tracker's Windbreaker,罕见,外套,嵌有防护物的迷彩夹克。 适合侦察和战斗任务。,耐久：355；基础护甲：230；叠加上限：1；品质：罕见,,当前档案有 5 条同名记录；可能来自不同场景、活动或难度，请比较基础属性。,assets/images/防具装备/追踪者风衣--2d85c8526a.png,原版图鉴
追踪者风衣,Tracker's Windbreaker,罕见,外套,嵌有防护物的迷彩夹克。 适合侦察和战斗任务。,耐久：355；基础护甲：420；叠加上限：1；品质：罕见,,当前档案有 5 条同名记录；可能来自不同场景、活动或难度，请比较基础属性。,assets/images/防具装备/追踪者风衣--2d85c8526a.png,原版图鉴
追踪者风衣,Tracker's Windbreaker,罕见,外套,嵌有防护物的迷彩夹克。 适合侦察和战斗任务。,耐久：355；基础护甲：680；叠加上限：1；品质：罕见,,当前档案有 5 条同名记录；可能来自不同场景、活动或难度，请比较基础属性。,assets/images/防具装备/追踪者风衣--2d85c8526a.png,原版图鉴
追踪者帽子,Tracker's Cap,罕见,头部,很适合遮阳， 并保护脑袋免受外部伤害。,耐久：270；基础护甲：75；叠加上限：1；品质：罕见,,当前档案有 5 条同名记录；可能来自不同场景、活动或难度，请比较基础属性。,assets/images/防具装备/追踪者帽子--8255c39de9.png,原版图鉴
追踪者帽子,Tracker's Cap,罕见,头部,很适合遮阳， 并保护脑袋免受外部伤害。,耐久：270；基础护甲：120；叠加上限：1；品质：罕见,,当前档案有 5 条同名记录；可能来自不同场景、活动或难度，请比较基础属性。,assets/images/防具装备/追踪者帽子--8255c39de9.png,原版图鉴
追踪者帽子,Tracker's Cap,罕见,头部,很适合遮阳， 并保护脑袋免受外部伤害。,耐久：270；基础护甲：180；叠加上限：1；品质：罕见,,当前档案有 5 条同名记录；可能来自不同场景、活动或难度，请比较基础属性。,assets/images/防具装备/追踪者帽子--8255c39de9.png,原版图鉴
追踪者帽子,Tracker's Cap,罕见,头部,很适合遮阳， 并保护脑袋免受外部伤害。,耐久：270；基础护甲：370；叠加上限：1；品质：罕见,,当前档案有 5 条同名记录；可能来自不同场景、活动或难度，请比较基础属性。,assets/images/防具装备/追踪者帽子--8255c39de9.png,原版图鉴
追踪者条纹背心,Tracker's Striped Vest,罕见,,核战前， 海军陆战队和空降部队常穿条纹背心。,耐久：365；叠加上限：1；品质：罕见,,当前档案有 5 条同名记录；可能来自不同场景、活动或难度，请比较基础属性。,assets/images/防具装备/追踪者条纹背心--e70f773951.png,原版图鉴
追踪者条纹背心,Tracker's Striped Vest,罕见,内衣,核战前， 海军陆战队和空降部队常穿条纹背心。,耐久：365；基础护甲：190；叠加上限：1；品质：罕见,,当前档案有 5 条同名记录；可能来自不同场景、活动或难度，请比较基础属性。,assets/images/防具装备/追踪者条纹背心--e70f773951.png,原版图鉴
追踪者条纹背心,Tracker's Striped Vest,罕见,内衣,核战前， 海军陆战队和空降部队常穿条纹背心。,耐久：365；基础护甲：340；叠加上限：1；品质：罕见,,当前档案有 5 条同名记录；可能来自不同场景、活动或难度，请比较基础属性。,assets/images/防具装备/追踪者条纹背心--e70f773951.png,原版图鉴
追踪者条纹背心,Tracker's Striped Vest,罕见,内衣,核战前， 海军陆战队和空降部队常穿条纹背心。,耐久：365；基础护甲：590；叠加上限：1；品质：罕见,,当前档案有 5 条同名记录；可能来自不同场景、活动或难度，请比较基础属性。,assets/images/防具装备/追踪者条纹背心--e70f773951.png,原版图鉴
追踪者裤子,Tracker's Pants,罕见,,特殊迷彩色可选， 专为领地设计。,耐久：375；叠加上限：1；品质：罕见,,当前档案有 5 条同名记录；可能来自不同场景、活动或难度，请比较基础属性。,assets/images/防具装备/追踪者裤子--ac350cf27a.png,原版图鉴
追踪者裤子,Tracker's Pants,罕见,腿部,特殊迷彩色可选， 专为领地设计。,耐久：375；基础护甲：170；叠加上限：1；品质：罕见,,当前档案有 5 条同名记录；可能来自不同场景、活动或难度，请比较基础属性。,assets/images/防具装备/追踪者裤子--ac350cf27a.png,原版图鉴
追踪者裤子,Tracker's Pants,罕见,腿部,特殊迷彩色可选， 专为领地设计。,耐久：375；基础护甲：310；叠加上限：1；品质：罕见,,当前档案有 5 条同名记录；可能来自不同场景、活动或难度，请比较基础属性。,assets/images/防具装备/追踪者裤子--ac350cf27a.png,原版图鉴
追踪者裤子,Tracker's Pants,罕见,腿部,特殊迷彩色可选， 专为领地设计。,耐久：375；基础护甲：530；叠加上限：1；品质：罕见,,当前档案有 5 条同名记录；可能来自不同场景、活动或难度，请比较基础属性。,assets/images/防具装备/追踪者裤子--ac350cf27a.png,原版图鉴
追踪者靴子,Tracker's Boots,罕见,,结实的靴子， 适合前往异象区的长途跋涉。,耐久：370；叠加上限：1；品质：罕见,,当前档案有 5 条同名记录；可能来自不同场景、活动或难度，请比较基础属性。,assets/images/防具装备/追踪者靴子--a60066ecf2.png,原版图鉴
追踪者靴子,Tracker's Boots,罕见,足部,结实的靴子， 适合前往异象区的长途跋涉。,耐久：370；基础护甲：140；叠加上限：1；品质：罕见,,当前档案有 5 条同名记录；可能来自不同场景、活动或难度，请比较基础属性。,assets/images/防具装备/追踪者靴子--a60066ecf2.png,原版图鉴
追踪者靴子,Tracker's Boots,罕见,足部,结实的靴子， 适合前往异象区的长途跋涉。,耐久：370；基础护甲：250；叠加上限：1；品质：罕见,,当前档案有 5 条同名记录；可能来自不同场景、活动或难度，请比较基础属性。,assets/images/防具装备/追踪者靴子--a60066ecf2.png,原版图鉴
追踪者靴子,Tracker's Boots,罕见,足部,结实的靴子， 适合前往异象区的长途跋涉。,耐久：370；基础护甲：430；叠加上限：1；品质：罕见,,当前档案有 5 条同名记录；可能来自不同场景、活动或难度，请比较基础属性。,assets/images/防具装备/追踪者靴子--a60066ecf2.png,原版图鉴
侦察员条纹背心,Scout's Striped Vest,未标注,内衣,核战前， 海军陆战队和空降部队常穿条纹背心。,耐久：275；基础护甲：65；叠加上限：1,,当前档案有 5 条同名记录；可能来自不同场景、活动或难度，请比较基础属性。,assets/images/防具装备/侦察员条纹背心--ff3e331934.png,原版图鉴
侦察员风衣,Scout's Windbreaker,未标注,外套,嵌有防护物的迷彩夹克。 适合侦察和战斗任务。,耐久：265；基础护甲：90；叠加上限：1,,当前档案有 5 条同名记录；可能来自不同场景、活动或难度，请比较基础属性。,assets/images/防具装备/侦察员风衣--9592b564db.png,原版图鉴
侦察员靴子,Scout's Boots,未标注,足部,结实的靴子， 适合前往异象区的长途跋涉。,耐久：280；基础护甲：50；叠加上限：1,,当前档案有 5 条同名记录；可能来自不同场景、活动或难度，请比较基础属性。,assets/images/防具装备/侦察员靴子--6996e8a363.png,原版图鉴
侦察员裤子,Scout's Pants,未标注,腿部,特殊迷彩色可选， 专为领地设计。,耐久：285；基础护甲：60；叠加上限：1,,当前档案有 5 条同名记录；可能来自不同场景、活动或难度，请比较基础属性。,assets/images/防具装备/侦察员裤子--db6576431e.png,原版图鉴
侦察员帽子,Scout's Cap,未标注,头部,很适合遮阳， 并保护脑袋免受外部伤害。,耐久：270；基础护甲：45；叠加上限：1,,当前档案有 5 条同名记录；可能来自不同场景、活动或难度，请比较基础属性。,assets/images/防具装备/侦察员帽子--3120eb6b2a.png,原版图鉴
侦察员条纹背心,Scout's Striped Vest,未标注,内衣,核战前， 海军陆战队和空降部队常穿条纹背心。,耐久：275；基础护甲：95；叠加上限：1,,当前档案有 5 条同名记录；可能来自不同场景、活动或难度，请比较基础属性。,assets/images/防具装备/侦察员条纹背心--ff3e331934.png,原版图鉴
侦察员风衣,Scout's Windbreaker,未标注,外套,嵌有防护物的迷彩夹克。 适合侦察和战斗任务。,耐久：265；基础护甲：140；叠加上限：1,,当前档案有 5 条同名记录；可能来自不同场景、活动或难度，请比较基础属性。,assets/images/防具装备/侦察员风衣--9592b564db.png,原版图鉴
侦察员靴子,Scout's Boots,未标注,足部,结实的靴子， 适合前往异象区的长途跋涉。,耐久：280；基础护甲：70；叠加上限：1,,当前档案有 5 条同名记录；可能来自不同场景、活动或难度，请比较基础属性。,assets/images/防具装备/侦察员靴子--6996e8a363.png,原版图鉴
侦察员裤子,Scout's Pants,未标注,腿部,特殊迷彩色可选， 专为领地设计。,耐久：285；基础护甲：85；叠加上限：1,,当前档案有 5 条同名记录；可能来自不同场景、活动或难度，请比较基础属性。,assets/images/防具装备/侦察员裤子--db6576431e.png,原版图鉴
侦察员帽子,Scout's Cap,未标注,头部,很适合遮阳， 并保护脑袋免受外部伤害。,耐久：270；基础护甲：60；叠加上限：1,,当前档案有 5 条同名记录；可能来自不同场景、活动或难度，请比较基础属性。,assets/images/防具装备/侦察员帽子--3120eb6b2a.png,原版图鉴
侦察员条纹背心,Scout's Striped Vest,未标注,内衣,核战前， 海军陆战队和空降部队常穿条纹背心。,耐久：275；基础护甲：170；叠加上限：1,,当前档案有 5 条同名记录；可能来自不同场景、活动或难度，请比较基础属性。,assets/images/防具装备/侦察员条纹背心--ff3e331934.png,原版图鉴
侦察员风衣,Scout's Windbreaker,未标注,外套,嵌有防护物的迷彩夹克。 适合侦察和战斗任务。,耐久：265；基础护甲：210；叠加上限：1,,当前档案有 5 条同名记录；可能来自不同场景、活动或难度，请比较基础属性。,assets/images/防具装备/侦察员风衣--9592b564db.png,原版图鉴
侦察员靴子,Scout's Boots,未标注,足部,结实的靴子， 适合前往异象区的长途跋涉。,耐久：280；基础护甲：120；叠加上限：1,,当前档案有 5 条同名记录；可能来自不同场景、活动或难度，请比较基础属性。,assets/images/防具装备/侦察员靴子--6996e8a363.png,原版图鉴
侦察员裤子,Scout's Pants,未标注,腿部,特殊迷彩色可选， 专为领地设计。,耐久：285；基础护甲：150；叠加上限：1,,当前档案有 5 条同名记录；可能来自不同场景、活动或难度，请比较基础属性。,assets/images/防具装备/侦察员裤子--db6576431e.png,原版图鉴
侦察员帽子,Scout's Cap,未标注,头部,很适合遮阳， 并保护脑袋免受外部伤害。,耐久：270；基础护甲：100；叠加上限：1,,当前档案有 5 条同名记录；可能来自不同场景、活动或难度，请比较基础属性。,assets/images/防具装备/侦察员帽子--3120eb6b2a.png,原版图鉴
侦察员条纹背心,Scout's Striped Vest,未标注,内衣,核战前， 海军陆战队和空降部队常穿条纹背心。,耐久：275；基础护甲：370；叠加上限：1,,当前档案有 5 条同名记录；可能来自不同场景、活动或难度，请比较基础属性。,assets/images/防具装备/侦察员条纹背心--ff3e331934.png,原版图鉴
侦察员风衣,Scout's Windbreaker,未标注,外套,嵌有防护物的迷彩夹克。 适合侦察和战斗任务。,耐久：265；基础护甲：440；叠加上限：1,,当前档案有 5 条同名记录；可能来自不同场景、活动或难度，请比较基础属性。,assets/images/防具装备/侦察员风衣--9592b564db.png,原版图鉴
侦察员靴子,Scout's Boots,未标注,足部,结实的靴子， 适合前往异象区的长途跋涉。,耐久：280；基础护甲：210；叠加上限：1,,当前档案有 5 条同名记录；可能来自不同场景、活动或难度，请比较基础属性。,assets/images/防具装备/侦察员靴子--6996e8a363.png,原版图鉴
侦察员裤子,Scout's Pants,未标注,腿部,特殊迷彩色可选， 专为领地设计。,耐久：285；基础护甲：310；叠加上限：1,,当前档案有 5 条同名记录；可能来自不同场景、活动或难度，请比较基础属性。,assets/images/防具装备/侦察员裤子--db6576431e.png,原版图鉴
侦察员帽子,Scout's Cap,未标注,头部,很适合遮阳， 并保护脑袋免受外部伤害。,耐久：270；基础护甲：170；叠加上限：1,,当前档案有 5 条同名记录；可能来自不同场景、活动或难度，请比较基础属性。,assets/images/防具装备/侦察员帽子--3120eb6b2a.png,原版图鉴
真正狂腐士兜帽,True Decayer's Hood,未标注,头部,狂热者狂腐士信徒的头饰， 用来遮盖烧伤疤痕和放射性溃疡。,耐久：270；基础护甲：360；叠加上限：1,,,assets/images/防具装备/真正狂腐士兜帽--1c3b9a5b47.png,原版图鉴
真正狂腐士长袍,True Decayer's Robe,未标注,内衣,厚织物制成的宽松斗篷。 非常舒适， 适合处置异教徒时穿着。,耐久：275；基础护甲：540；叠加上限：1,,,assets/images/防具装备/真正狂腐士长袍--9ce41e369b.png,原版图鉴
真正狂腐士裤子,True Decayer's Trousers,未标注,腿部,某些狂腐士在首次杀死异教徒后， 会割下头颅随身携带， 以此警醒自己与异端斗争到底。 一块由荣耀盲者祝福的铅板， 为邪教徒身体的最重要部位提供保护。,耐久：285；基础护甲：615；叠加上限：1,,,assets/images/防具装备/真正狂腐士裤子--c1a401873f.png,原版图鉴
真正狂腐士靴子,True Decayer's Boots,未标注,足部,强化的靴子， 适合朝圣者前往工厂和神圣石棺的漫长旅程。,耐久：280；基础护甲：430；叠加上限：1,,,assets/images/防具装备/真正狂腐士靴子--d7fef154db.png,原版图鉴
真正狂腐士法衣,True Decayer's Cassock,未标注,外套,这件铠甲曾经属于一个狂腐士。 内部刻着荣耀盲者的圣歌。,耐久：265；基础护甲：755；叠加上限：1,,,assets/images/防具装备/真正狂腐士法衣--62e46317eb.png,原版图鉴
狂腐士兜帽,Decayer's Hood,罕见,头部,狂热者狂腐士信徒的头饰， 用来遮盖烧伤疤痕和放射性溃疡。,耐久：270；基础护甲：135；叠加上限：1；配置修理次数：1；品质：罕见,,,assets/images/防具装备/狂腐士兜帽--e48fbd5dd0.png,原版图鉴
狂腐士长袍,Decayer's Robe,罕见,内衣,厚织物制成的宽松斗篷。 非常舒适， 适合处置异教徒时穿着。,耐久：275；基础护甲：200；叠加上限：1；配置修理次数：1；品质：罕见,,,assets/images/防具装备/狂腐士长袍--321d411372.png,原版图鉴
狂腐士裤子,Decayer's Trousers,罕见,腿部,某些狂腐士在首次杀死异教徒后， 会割下头颅随身携带， 以此警醒自己与异端斗争到底。 一块由荣耀盲者祝福的铅板， 为邪教徒身体的最重要部位提供保护。,耐久：285；基础护甲：225；叠加上限：1；配置修理次数：1；品质：罕见,,,assets/images/防具装备/狂腐士裤子--d8a38d4f9c.png,原版图鉴
狂腐士靴子,Decayer's Boots,罕见,足部,强化的靴子， 适合朝圣者前往工厂和神圣石棺的漫长旅程。,耐久：280；基础护甲：160；叠加上限：1；配置修理次数：1；品质：罕见,,,assets/images/防具装备/狂腐士靴子--b29a7464d3.png,原版图鉴
狂腐士法衣,Decayer's Cassock,罕见,外套,这件铠甲曾经属于一个狂腐士。 内部刻着荣耀盲者的圣歌。,耐久：265；基础护甲：280；叠加上限：1；配置修理次数：1；品质：罕见,,,assets/images/防具装备/狂腐士法衣--48b8bb4fd7.png,原版图鉴
核炬士兜帽,Nuclear Torch's Hood,传奇,头部,罪人不会看到刽子手的脸， 只能看到他充满仇恨的眼睛。,耐久：320；基础护甲：0；叠加上限：1；配置修理次数：1；品质：传奇,,护甲会随等级缩放。；当前档案有 2 条同名记录；可能来自不同场景、活动或难度，请比较基础属性。,assets/images/防具装备/核炬士兜帽--08abc03e94.png,原版图鉴
核炬士长袍,Nuclear Torch's Robe,传奇,内衣,核炬士的仪式服， 在惩戒否认光辉者的核战仪式上穿着。,耐久：325；基础护甲：0；叠加上限：1；配置修理次数：1；品质：传奇,,护甲会随等级缩放。；当前档案有 2 条同名记录；可能来自不同场景、活动或难度，请比较基础属性。,assets/images/防具装备/核炬士长袍--dbccb1c73d.png,原版图鉴
核炬士裤子,Nuclear Torch's Trousers,传奇,腿部,带铠甲的护膝， 因在狂腐士祭坛上长时间祈祷而磨损， 祭坛上燃烧着异教徒的尸骨。,耐久：335；基础护甲：0；叠加上限：1；配置修理次数：1；品质：传奇,,护甲会随等级缩放。；当前档案有 2 条同名记录；可能来自不同场景、活动或难度，请比较基础属性。,assets/images/防具装备/核炬士裤子--37c086d296.png,原版图鉴
核炬士靴子,Nuclear Torch's Boots,传奇,足部,核炬士的脚步很沉重。 像他的拳头一样沉重， 像异教徒的酷刑一样严酷， 像荣耀盲者的布道一样令人信服。,耐久：330；基础护甲：0；叠加上限：1；配置修理次数：1；品质：传奇,,护甲会随等级缩放。；当前档案有 2 条同名记录；可能来自不同场景、活动或难度，请比较基础属性。,assets/images/防具装备/核炬士靴子--47936d4879.png,原版图鉴
核炬士铠甲长袍,Nuclear Torch's Armored Robe,传奇,外套,无人知晓狂腐士是在何处找到这种高科技铠甲的。幸好，只有少数狂热分子可以穿着它。,耐久：315；基础护甲：0；叠加上限：1；配置修理次数：1；品质：传奇,,护甲会随等级缩放。；当前档案有 2 条同名记录；可能来自不同场景、活动或难度，请比较基础属性。,assets/images/防具装备/核炬士铠甲长袍--6253ca92cc.png,原版图鉴
狂腐士呼吸面具,Decayer's Breather,罕见,配件,狂腐士崇拜工厂及其辐射。 不戴上这款面具， 你可无法完成朝圣之旅， 到达石棺。,叠加上限：1；品质：罕见,,,assets/images/防具装备/狂腐士呼吸面具--a89f50a57e.png,原版图鉴
核炬士防毒面具,Nuclear Torch Gas Mask,传奇,配件,辐射是工厂的祝福。 只要还有邪教徒存在， 核炬士就不会消亡。,叠加上限：1；品质：传奇,,,assets/images/防具装备/核炬士防毒面具--e26bf9ed5c.png,原版图鉴
军队背包,Army Backpack,未标注,背包,一个大容量的背包， 可以装下很多战利品。,叠加上限：1；储物栏位：15,,,assets/images/防具装备/军队背包--eab54a3fb5.png,原版图鉴
Transfusion Package,Transfusion Package,未标注,配件,当你患败血症时可以拯救你的生命。内有与你同血型的血液。,叠加上限：1,,,assets/images/防具装备/Transfusion Package--73862b2fce.png,原版图鉴
Защита стомпера (фейк броня) [y],Защита стомпера (фейк броня) [y],未标注,外套,Защита стомпера (фейк броня) [y],基础护甲：340；叠加上限：1,,,assets/images/防具装备/Exterminator's Vest--addce71366.png,原版图鉴
烧灼治疗器,Cauterizer,未标注,配件,会发出几道琥珀色的闪光， 对重伤进行烧灼治疗， 以免其恶化致命。,叠加上限：1,,出现场景：伏击；出现场景：月神公园,assets/images/防具装备/烧灼治疗器--7141c52408.png,原版图鉴
战术皮带,Tactical Belt,传奇,配件,军队、 游荡者和雇佣兵的必备铠甲。,耐久：265；叠加上限：1；品质：传奇,,出现场景：伏击；出现场景：月神公园,assets/images/防具装备/战术皮带--7a6911a9f0.png,原版图鉴
暗黑游荡者面具,Black Strider's Mask,传奇,头部,这个面具的眼睛燃烧着复仇火焰。 被它盯上的人， 绝无生还之机。,耐久：320；基础护甲：0；叠加上限：1；配置修理次数：1；品质：传奇,,护甲会随等级缩放。,assets/images/防具装备/暗黑游荡者面具--9eef862fd9.png,原版图鉴
暗黑游荡者毛衣,Black Strider's Sweater,传奇,内衣,街上有关于暗黑游荡者装备的消息。 金属板夹层的耐用织物， 几乎可以承受任何伤害。,耐久：325；基础护甲：0；叠加上限：1；配置修理次数：1；品质：传奇,,护甲会随等级缩放。,assets/images/防具装备/暗黑游荡者毛衣--904f6661de.png,原版图鉴
暗黑游荡者裤子,Black Strider's Pants,传奇,腿部,子弹、 箭矢、 爆炸都无法击败暗黑游荡者， 已经有许多人尝试过了 。,耐久：335；基础护甲：0；叠加上限：1；配置修理次数：1；品质：传奇,,护甲会随等级缩放。,assets/images/防具装备/暗黑游荡者裤子--1b7a6689dc.png,原版图鉴
暗黑游荡者靴子,Black Strider's Boots,传奇,足部,传说暗黑游荡者穿着这双靴子一路从石棺前往“箭矢”导弹基地 。,耐久：330；基础护甲：0；叠加上限：1；配置修理次数：1；品质：传奇,,护甲会随等级缩放。,assets/images/防具装备/暗黑游荡者靴子--c9531a6afe.png,原版图鉴
暗黑游荡者战术背心,Black Strider's Tac Vest,传奇,外套,有人说子弹射不穿他的黑色铠甲，也有人说敌人在开枪之前就会命丧黄泉。,耐久：315；基础护甲：0；叠加上限：1；配置修理次数：1；品质：传奇,,护甲会随等级缩放。,assets/images/防具装备/暗黑游荡者战术背心--a50f88049f.png,原版图鉴
暗黑游荡者背包,Black Strider's Backpack,传奇,背包,一款大容量背包， 可用来装你的战利品。 可在灾难酒吧找到， 暗黑游荡者最后一次野外考察时的背包。,基础护甲：0；叠加上限：1；储物栏位：15；品质：传奇,,护甲会随等级缩放。,assets/images/防具装备/暗黑游荡者背包--8187b22cd2.png,原版图鉴
狂人面具,Maniac Mask,未标注,配件,如果你想报复某人， 这个面具再合适不过。,耐久：195000；叠加上限：1,,,assets/images/防具装备/狂人面具--a95e6edcf3.png,原版图鉴
尖叫面具,Scream Mask,未标注,配件,适合精密的复仇计划爱好者。,耐久：195000；叠加上限：1,,,assets/images/防具装备/尖叫面具--665b01f432.png,原版图鉴
狼人面具,Werewolf Mask,未标注,配件,有时， 你会怀念外出狩猎和在满月时嚎叫的日子。,耐久：270；叠加上限：1,,,assets/images/防具装备/狼人面具--80444d8e3c.png,原版图鉴
南瓜脑袋面具,Pumpkin Head Mask,未标注,配件,戴上南瓜脑袋， 让陌生人胆战心惊， 用地狱之火烧死敌人吧。,耐久：195000；叠加上限：1,,当前档案有 2 条同名记录；可能来自不同场景、活动或难度，请比较基础属性。,assets/images/防具装备/南瓜脑袋面具--e664bfe5b4.png,原版图鉴
送葬者面具,Undertakers' Mask,罕见,头部,送葬者的敌人们看不到杀戮者的面目。 “死亡之神”萨梅迪男爵接管了他们的生命。,耐久：270；基础护甲：216；叠加上限：1；配置修理次数：1；品质：罕见,,,assets/images/防具装备/送葬者面具--051b7153fc.png,原版图鉴
送葬者夹克,Undertakers' Jacket,罕见,外套,送葬者们用头骨装饰铠甲， 坚信死亡之神会战斗中庇佑他们 。,耐久：265；基础护甲：448；叠加上限：1；配置修理次数：1；品质：罕见,,,assets/images/防具装备/送葬者夹克--2936c3716e.png,原版图鉴
送葬者衬衫,Undertaker's Shirt,罕见,内衣,伏都教信徒是死亡的奴仆， 并不惧怕死亡， 但他们不愿在完成圣灵的旨意前死亡， 因此会穿戴铠甲。,耐久：275；基础护甲：360；叠加上限：1；配置修理次数：1；品质：罕见,,,assets/images/防具装备/送葬者衬衫--16cf06214f.png,原版图鉴
送葬者裤子,Undertaker's Pants,罕见,腿部,送葬者相信， 凭借死去兄弟的头颅或骨头， 能够召唤他的灵魂来协助战斗。,耐久：285；基础护甲：320；叠加上限：1；配置修理次数：1；品质：罕见,,,assets/images/防具装备/送葬者裤子--5977f4efec.png,原版图鉴
送葬者靴子,Undertaker's Boots,罕见,足部,“死亡之神”萨梅迪男爵的舞会靴。,耐久：280；基础护甲：256；叠加上限：1；配置修理次数：1；品质：罕见,,,assets/images/防具装备/送葬者靴子--619374ca2b.png,原版图鉴
阿依达·维铎头盔,Ayida-Weddo's Helmet,传奇,头部,蛇彭特信徒以丹巴拉之灵的形象出现，他的獠牙里有烧心的毒药。,耐久：320；基础护甲：0；叠加上限：1；配置修理次数：1；品质：传奇,,护甲会随等级缩放。,assets/images/防具装备/阿依达·维铎头盔--30485d71cc.png,原版图鉴
阿依达·维铎铠甲服,Ayida-Weddo's Armored Coat,传奇,外套,战前， 人们在描绘“死亡之神”萨梅迪时， 他总是穿着长袍， 如今则变成了带有蛇牙的强化铠甲。,耐久：315；基础护甲：0；叠加上限：1；配置修理次数：1；品质：传奇,,护甲会随等级缩放。,assets/images/防具装备/阿依达·维铎铠甲服--02c0c36577.png,原版图鉴
蛇彭特信徒寿衣,Serpent's Cohort's Shroud,传奇,内衣,伏都教铠甲非常轻便耐用，没人知道是如何锻造的。教派信徒称，铁匠的守护洛亚神昂贡在帮助他们。,耐久：325；基础护甲：0；叠加上限：1；配置修理次数：1；品质：传奇,,护甲会随等级缩放。,assets/images/防具装备/蛇彭特信徒寿衣--3fcd4bc407.png,原版图鉴
蛇彭特信徒裤子,Serpent's Cohort's Pants,传奇,腿部,即使你设法从蛇彭特信徒那里逃脱，迟早也会死于他们的诅咒。,耐久：335；基础护甲：0；叠加上限：1；配置修理次数：1；品质：传奇,,护甲会随等级缩放。,assets/images/防具装备/蛇彭特信徒裤子--f47b4152ef.png,原版图鉴
蛇彭特信徒靴子,Serpent's Cohort's Boots,传奇,足部,送葬者穿着的结实靴子，由洛亚神挑选，适合“灵魂之路”朝圣之旅。,耐久：330；基础护甲：0；叠加上限：1；配置修理次数：1；品质：传奇,,护甲会随等级缩放。,assets/images/防具装备/蛇彭特信徒靴子--c2ac5b46c0.png,原版图鉴
刽子手之心,Heart of Carnifex,未标注,配件,没人知道这件稀有神器是否与仓库刽子手有关， 但有一点是肯定的： 它可以帮助你从严重伤害中恢复。,耐久：350；叠加上限：1,,,assets/images/防具装备/刽子手之心--1f37372cf5.png,原版图鉴
送葬者背包,Undertakers' Backpack,罕见,背包,空间宽敞， 可以放置战利品和敌人头骨。,叠加上限：1；储物栏位：10；品质：罕见,,,assets/images/防具装备/送葬者背包--e11212e85a.png,原版图鉴
送葬者大背包,Undertakers' Big Backpack,传奇,背包,根据传闻，伏都教教徒从鹰队那里得到了大型军队背包的蓝图。鹰队现在位列首批送葬者之中。,基础护甲：0；叠加上限：1；储物栏位：15；品质：传奇,,护甲会随等级缩放。,assets/images/防具装备/送葬者大背包--9b4a1a6d0d.png,原版图鉴
部落战士面具,Tribal Warrior's Mask,未标注,配件,根据传说， 面具持有者的祖先会帮助他们更稳地投掷。,耐久：130000；叠加上限：1,,,assets/images/防具装备/部落战士面具--e909664847.png,原版图鉴
刺激器,Pusher,未标注,配件,封装在高端容器中的神器， 可以刺激所有者的神经系统， 保持其快速反应能力。,叠加上限：1,,出现场景：伏击；出现场景：研究所的天线,assets/images/防具装备/刺激器--4a5d1b7a7c.png,原版图鉴
酋长皇冠,Chieftain's Crown,未标注,配件,只有最强壮的战士和最好的神枪手才能佩戴鹰羽王冠。,耐久：270；叠加上限：1,,,assets/images/防具装备/酋长皇冠--5366034ed2.png,原版图鉴
部落战士护腕,Tribal Warrior's Bracer,未标注,配件,你可以英勇无畏地拉开弓弦！,耐久：130000；叠加上限：1,,,assets/images/防具装备/部落战士护腕--c1e945840e.png,原版图鉴
部落战士箭袋,Tribal Warrior's Quiver,未标注,配件,大容量箭袋， 用于长时间狩猎。,耐久：130000；叠加上限：1,,,assets/images/防具装备/部落战士箭袋--75018f7cf1.png,原版图鉴
部落战士项链,Tribal Warrior's Necklace,未标注,配件,真正的战士在战斗或狩猎中会乐此不疲。,耐久：275；叠加上限：1,,,assets/images/防具装备/部落战士项链--0a3bea9bd0.png,原版图鉴
猎人腕带,Hunter's Wristband,未标注,配件,天生战士的勋章。,耐久：130000；叠加上限：1,,,assets/images/防具装备/猎人腕带--b9b12e5ad4.png,原版图鉴
Snow Lynx Sweater,Snow Lynx Sweater,传奇,内衣,This sweater with armored inlays is designed for the Citadel Corps long-range reconnaissance unit. It is used during SpecOps in extremely cold weather.,耐久：325；基础护甲：0；叠加上限：1；配置修理次数：1；品质：传奇,,护甲会随等级缩放。,assets/images/防具装备/暗黑游荡者毛衣--904f6661de.png,原版图鉴
Snow Lynx Pants,Snow Lynx Pants,传奇,腿部,雪山猫是LRS的铠甲装备，在长时间的徒步旅行和令人疲惫的监视中同样有用。,耐久：335；基础护甲：0；叠加上限：1；配置修理次数：1；品质：传奇,,护甲会随等级缩放。,assets/images/防具装备/暗黑游荡者裤子--1b7a6689dc.png,原版图鉴
Snow Lynx Boots,Snow Lynx Boots,传奇,足部,多亏了我那双镶钉的靴子，我才活了下来。如果没有它，我永远无法从“寒冰旋风”中跳出来！要塞兵团LRS侦察员解释道。,耐久：330；基础护甲：0；叠加上限：1；配置修理次数：1；品质：传奇,,护甲会随等级缩放。,assets/images/防具装备/暗黑游荡者靴子--c9531a6afe.png,原版图鉴
Snow Lynx Tac Vest,Snow Lynx Tac Vest,传奇,外套,要塞兵团的战术小队LRS配备了增强的战术套装。这些战士一年四季都被派往领地上最危险的地区。,耐久：315；基础护甲：0；叠加上限：1；配置修理次数：1；品质：传奇,,护甲会随等级缩放。,assets/images/防具装备/暗黑游荡者战术背心--a50f88049f.png,原版图鉴
北极背包,Arctic Backpack,未标注,背包,要塞兵团远程监视部队的一个宽敞的战术背包。用于严冬或变异的永久冻土条件下的外出和清理。,基础护甲：0；叠加上限：1；储物栏位：20,,护甲会随等级缩放。；当前档案有 2 条同名记录；可能来自不同场景、活动或难度，请比较基础属性。,assets/images/防具装备/暗黑游荡者背包--8187b22cd2.png,原版图鉴
核炬士兜帽,Nuclear Torch's Hood,传奇,头部,罪人不会看到刽子手的脸， 只能看到他充满仇恨的眼睛。,耐久：320；基础护甲：0；叠加上限：1；配置修理次数：1；品质：传奇,,护甲会随等级缩放。；当前档案有 2 条同名记录；可能来自不同场景、活动或难度，请比较基础属性。,assets/images/防具装备/核炬士兜帽--08abc03e94.png,原版图鉴
核炬士长袍,Nuclear Torch's Robe,传奇,内衣,核炬士的仪式服， 在惩戒否认光辉者的核战仪式上穿着。,耐久：325；基础护甲：0；叠加上限：1；配置修理次数：1；品质：传奇,,护甲会随等级缩放。；当前档案有 2 条同名记录；可能来自不同场景、活动或难度，请比较基础属性。,assets/images/防具装备/核炬士长袍--dbccb1c73d.png,原版图鉴
核炬士裤子,Nuclear Torch's Trousers,传奇,腿部,带铠甲的护膝， 因在狂腐士祭坛上长时间祈祷而磨损， 祭坛上燃烧着异教徒的尸骨。,耐久：335；基础护甲：0；叠加上限：1；配置修理次数：1；品质：传奇,,护甲会随等级缩放。；当前档案有 2 条同名记录；可能来自不同场景、活动或难度，请比较基础属性。,assets/images/防具装备/核炬士裤子--37c086d296.png,原版图鉴
核炬士靴子,Nuclear Torch's Boots,传奇,足部,核炬士的脚步很沉重。 像他的拳头一样沉重， 像异教徒的酷刑一样严酷， 像荣耀盲者的布道一样令人信服。,耐久：330；基础护甲：0；叠加上限：1；配置修理次数：1；品质：传奇,,护甲会随等级缩放。；当前档案有 2 条同名记录；可能来自不同场景、活动或难度，请比较基础属性。,assets/images/防具装备/核炬士靴子--47936d4879.png,原版图鉴
核炬士铠甲长袍,Nuclear Torch's Armored Robe,传奇,外套,无人知晓狂腐士是在何处找到这种高科技铠甲的。幸好，只有少数狂热分子可以穿着它。,耐久：315；基础护甲：0；叠加上限：1；配置修理次数：1；品质：传奇,,护甲会随等级缩放。；当前档案有 2 条同名记录；可能来自不同场景、活动或难度，请比较基础属性。,assets/images/防具装备/核炬士铠甲长袍--6253ca92cc.png,原版图鉴
克里姆面具,Klim's Mask,传奇,头部,游荡者们迷信： 陪伴游荡者进行过多次成功旅行的物品会带来好运。 尤其是经过神器改造的装备。,耐久：320；基础护甲：0；叠加上限：1；配置修理次数：1；品质：传奇,,护甲会随等级缩放。,assets/images/防具装备/克里姆面具--df095bb68e.png,原版图鉴
克里姆毛衣,Klim's Sweater,传奇,内衣,这件铠甲经过神器改造， 可以让你免受致命伤害， 上面有块狗牌， 以防铠甲无法抵御光辉的伤害。,耐久：325；基础护甲：0；叠加上限：1；配置修理次数：1；品质：传奇,,护甲会随等级缩放。,assets/images/防具装备/克里姆毛衣--772d581414.png,原版图鉴
克里姆裤子,Klim's Pants,传奇,腿部,这条裤子经过硬质神器合金镶嵌强化，能帮助你抵御伤害和其他仓库威胁。,耐久：335；基础护甲：0；叠加上限：1；配置修理次数：1；品质：传奇,,护甲会随等级缩放。,assets/images/防具装备/克里姆裤子--5aa8a7e1c9.png,原版图鉴
克里姆靴子,Klim's Boots,传奇,足部,这双靴子经过神器改造， 由团队队长下令定制并强化。,耐久：330；基础护甲：0；叠加上限：1；配置修理次数：1；品质：传奇,,护甲会随等级缩放。,assets/images/防具装备/克里姆靴子--21070361a4.png,原版图鉴
克里姆战术背心,Klim's Tactical Vest,传奇,外套,由研究所开发的APS神器模块，甚至能防止产生鲜血直流的伤口。,耐久：315；基础护甲：0；叠加上限：1；配置修理次数：1；品质：传奇,,护甲会随等级缩放。,assets/images/防具装备/克里姆战术背心--9435aa11e3.png,原版图鉴
春节勇士头盔,Lunar Warrior's Helmet,罕见,头部,最先进的黑帮战士头盔。,耐久：270；基础护甲：155；叠加上限：1；配置修理次数：1；品质：罕见,,,assets/images/防具装备/春节勇士头盔--a49822be55.png,原版图鉴
春节勇士背心,Lunar Warrior's Vest,罕见,内衣,轻型黑帮铠甲能在战斗中保护胸部不受子弹攻击， 背部不被捅伤。,耐久：275；基础护甲：230；叠加上限：1；配置修理次数：1；品质：罕见,,,assets/images/防具装备/春节勇士背心--0f289e54af.png,原版图鉴
春节勇士裤子,Lunar Warrior's Pants,罕见,腿部,黑帮带护膝的裤子是他们在领地制造恐惧的必要外表因素之一。,耐久：285；基础护甲：260；叠加上限：1；配置修理次数：1；品质：罕见,,,assets/images/防具装备/春节勇士裤子--6fb58b52a4.png,原版图鉴
春节勇士靴子,Lunar Warrior's Boots,罕见,足部,用于长途行军的黑帮靴子。 它们的重量足以让赖账者乖乖听话。,耐久：280；基础护甲：185；叠加上限：1；配置修理次数：1；品质：罕见,,,assets/images/防具装备/春节勇士靴子--8788c9b4db.png,原版图鉴
春节勇士铠甲,Lunar Warrior's Armor,罕见,外套,黑帮战士在核战中保留了自己的文化。 坚固的铠甲嵌体融合了他们的传统装饰。,耐久：265；基础护甲：320；叠加上限：1；配置修理次数：1；品质：罕见,,,assets/images/防具装备/春节勇士铠甲--c339a13814.png,原版图鉴
黑帮恶龙头盔,Triad Dragon's Helmet,传奇,头部,黑帮杀手总是出其不意，从暗处发动袭击。,耐久：320；基础护甲：0；叠加上限：1；配置修理次数：1；品质：传奇,,护甲会随等级缩放。；当前档案有 2 条同名记录；可能来自不同场景、活动或难度，请比较基础属性。,assets/images/防具装备/黑帮恶龙头盔--93271ccc74.png,原版图鉴
黑帮恶龙背心,Triad Dragon's Vest,传奇,内衣,所有黑帮恶龙都有一个共同点： 它们都曾是普通的帮派战士， 掌握了秘密暗杀的技巧。,耐久：325；基础护甲：0；叠加上限：1；配置修理次数：1；品质：传奇,,护甲会随等级缩放。,assets/images/防具装备/黑帮恶龙背心--8e5cc1c9a7.png,原版图鉴
黑帮恶龙裤子,Triad Dragon's Pants,传奇,腿部,它们看起来很笨重， 但是在等待攻击时机和寻找敌人弱点时穿着很舒服。,耐久：335；基础护甲：0；叠加上限：1；配置修理次数：1；品质：传奇,,护甲会随等级缩放。；当前档案有 2 条同名记录；可能来自不同场景、活动或难度，请比较基础属性。,assets/images/防具装备/黑帮恶龙裤子--7af0f4da0a.png,原版图鉴
黑帮恶龙靴子,Triad Dragon's Boots,传奇,足部,不会发出声音的靴子， 可以让恶龙选择攻击背部的最佳位置。 而且血迹在红色的靴子上也不明显。,耐久：330；基础护甲：0；叠加上限：1；配置修理次数：1；品质：传奇,,护甲会随等级缩放。；当前档案有 2 条同名记录；可能来自不同场景、活动或难度，请比较基础属性。,assets/images/防具装备/黑帮恶龙靴子--bf0acdbdf1.png,原版图鉴
黄龙铠甲,Yellow Dragon's Armor,传奇,外套,华丽的铠甲，不仅能保护自己免遭敌人攻击，还能提升电力武器的威力。,耐久：315；基础护甲：0；叠加上限：1；配置修理次数：1；品质：传奇,,护甲会随等级缩放。；当前档案有 2 条同名记录；可能来自不同场景、活动或难度，请比较基础属性。,assets/images/防具装备/黄龙铠甲--4ded632760.png,原版图鉴
引火盒,Tinderbox,未标注,配件,一种神器小工具， 可提高有机物燃烧的速度和温度。,耐久：195000；叠加上限：1,,出现场景：月神公园；当前档案有 2 条同名记录；可能来自不同场景、活动或难度，请比较基础属性。,assets/images/防具装备/引火盒--5d09174f6f.png,原版图鉴
溃疡,Ulcer,未标注,配件,一种变异毒素源， 可增强附近所有酸性武器的威力。,耐久：195000；叠加上限：1,,出现场景：月神公园；当前档案有 2 条同名记录；可能来自不同场景、活动或难度，请比较基础属性。,assets/images/防具装备/溃疡--05ed63baaf.png,原版图鉴
发电机,Dynamo,未标注,配件,研究所发明的神器装备。 可增加电力武器的动力。,耐久：195000；叠加上限：1,,出现场景：月神公园；当前档案有 2 条同名记录；可能来自不同场景、活动或难度，请比较基础属性。,assets/images/防具装备/发电机--e2fef98d6b.png,原版图鉴
黑帮恶龙头盔,Triad Dragon's Helmet,传奇,,黑帮杀手总是出其不意，从暗处发动袭击。,耐久：320；叠加上限：1；品质：传奇,,当前档案有 2 条同名记录；可能来自不同场景、活动或难度，请比较基础属性。,assets/images/防具装备/黑帮恶龙头盔--93271ccc74.png,原版图鉴
黑帮恶龙裤子,Triad Dragon's Pants,传奇,,它们看起来很笨重， 但是在等待攻击时机和寻找敌人弱点时穿着很舒服。,耐久：335；叠加上限：1；品质：传奇,,当前档案有 2 条同名记录；可能来自不同场景、活动或难度，请比较基础属性。,assets/images/防具装备/黑帮恶龙裤子--7af0f4da0a.png,原版图鉴
黑帮恶龙靴子,Triad Dragon's Boots,传奇,,不会发出声音的靴子， 可以让恶龙选择攻击背部的最佳位置。 而且血迹在红色的靴子上也不明显。,耐久：330；叠加上限：1；品质：传奇,,当前档案有 2 条同名记录；可能来自不同场景、活动或难度，请比较基础属性。,assets/images/防具装备/黑帮恶龙靴子--bf0acdbdf1.png,原版图鉴
黄龙铠甲,Yellow Dragon's Armor,传奇,,华丽的铠甲，不仅能保护自己免遭敌人攻击，还能提升电力武器的威力。,耐久：315；叠加上限：1；品质：传奇,,当前档案有 2 条同名记录；可能来自不同场景、活动或难度，请比较基础属性。,assets/images/防具装备/黄龙铠甲--4ded632760.png,原版图鉴
防酸斗篷,Acidproof Cloak,未标注,配件,涂有一层耐酸材料，可抵抗送葬者的异常毒素。会随着时间而腐蚀。,叠加上限：1,,出现场景：月神公园,assets/images/防具装备/防酸斗篷--d8e11afe43.png,原版图鉴
绝缘体,Insulation,未标注,配件,这种稀有的神器会吸收传来的电力，直到它过载为止。,叠加上限：1,,出现场景：月神公园,assets/images/防具装备/绝缘体--4773c1cf64.png,原版图鉴
溃疡,Ulcer,未标注,配件,一种变异毒素源， 可增强附近所有酸性武器的威力。,叠加上限：1,,当前档案有 2 条同名记录；可能来自不同场景、活动或难度，请比较基础属性。,assets/images/防具装备/溃疡--c2f8377a98.png,原版图鉴
引火盒,Tinderbox,未标注,配件,一种神器小工具， 可提高有机物燃烧的速度和温度。,叠加上限：1,,当前档案有 2 条同名记录；可能来自不同场景、活动或难度，请比较基础属性。,assets/images/防具装备/引火盒--f176e40273.png,原版图鉴
暴风雪,Blizzard,未标注,配件,与冰-9神器有异常联系，并可加强经神器改造的武器。,耐久：195000；叠加上限：1,,当前档案有 2 条同名记录；可能来自不同场景、活动或难度，请比较基础属性。,assets/images/防具装备/暴风雪--4f53ea7b7d.png,原版图鉴
暴风雪,Blizzard,未标注,配件,与冰-9神器有异常联系，并可加强经神器改造的武器。,耐久：195000；叠加上限：1,,当前档案有 2 条同名记录；可能来自不同场景、活动或难度，请比较基础属性。,assets/images/防具装备/暴风雪--f7cacdf2c8.png,原版图鉴
发电机,Dynamo,未标注,配件,研究所发明的神器装备。 可增加电力武器的动力。,耐久：195000；叠加上限：1,,当前档案有 2 条同名记录；可能来自不同场景、活动或难度，请比较基础属性。,assets/images/防具装备/发电机--219b474f03.png,原版图鉴
灭绝者腰带,Exterminator's Belt,传奇,配件,战术装备，由神器涂层和黑暗碎片模块强化。鹰队装备。,耐久：265；叠加上限：1；品质：传奇,,出现场景：伏击；出现场景：月神公园,assets/images/防具装备/灭绝者腰带--fd2914d7d8.png,原版图鉴
鹰队战术背包,Hawks' Tactical Backpack,未标注,背包,最好的鹰队装备之一。它有足够的空间容纳大量战利品和装备。配有修理包，以延长武器的耐用性。,叠加上限：1；储物栏位：15,,,assets/images/防具装备/鹰队战术背包--38fd1f857f.png,原版图鉴
突击步枪枪手头盔,AR-Gunner's Helmet,未标注,头部,随着角色等级提升， 铠甲效果也会相应增加。无法修理。,耐久：320；基础护甲：0；叠加上限：1,,护甲会随等级缩放。,assets/images/防具装备/突击步枪枪手头盔--e5892ccb81.png,原版图鉴
灭绝者上衣,Exterminator's Sweatshirt,未标注,内衣,为脆弱区域提供额外的保护。鹰队装备。,耐久：325；基础护甲：0；叠加上限：1,,护甲会随等级缩放。；当前档案有 3 条同名记录；可能来自不同场景、活动或难度，请比较基础属性。,assets/images/防具装备/灭绝者上衣--8efa346a84.png,原版图鉴
灭绝者裤子,Exterminator's Pants,未标注,腿部,精英侦察队在暗区活动的耐用装备。鹰队装备。,耐久：335；基础护甲：0；叠加上限：1,,护甲会随等级缩放。,assets/images/防具装备/灭绝者裤子--b5bd36c20a.png,原版图鉴
灭绝者靴子,Exterminator's Boots,未标注,足部,首批成功从暗区生还的灭绝者就穿着这种靴子。,耐久：330；基础护甲：0；叠加上限：1,,护甲会随等级缩放。；当前档案有 3 条同名记录；可能来自不同场景、活动或难度，请比较基础属性。,assets/images/防具装备/灭绝者靴子--9432c88c39.png,原版图鉴
灭绝者战术背心,Exterminator's Tac Vest,传奇,外套,随着角色等级提升， 铠甲效果也会相应增加。无法修理。,耐久：315；基础护甲：0；叠加上限：1；品质：传奇,,护甲会随等级缩放。,assets/images/防具装备/灭绝者战术背心--529e6afa8d.png,原版图鉴
冲锋队头盔,Stormtrooper's Helmet,未标注,头部,随着角色等级提升， 铠甲效果也会相应增加。无法修理。,耐久：320；基础护甲：0；叠加上限：1,,护甲会随等级缩放。,assets/images/防具装备/冲锋队头盔--325abe4a3e.png,原版图鉴
狙击手头盔,Sniper's Helmet,罕见,头部,随着角色等级提升， 铠甲效果也会相应增加。无法修理。,耐久：320；基础护甲：0；叠加上限：1；品质：罕见,,护甲会随等级缩放。,assets/images/防具装备/狙击手头盔--e8792bbb50.png,原版图鉴
灭绝者背包,Exterminator's Backpack,未标注,背包,小尺寸、高容量的背包，对于暗区中的灭绝者至关重要。内置的神器可增加获胜的几率。,叠加上限：1；储物栏位：15,,,assets/images/防具装备/灭绝者背包--572f255fce.png,原版图鉴
石棉战术背心,Asbestos Tac Vest,传奇,外套,改进的灭绝者战术背心，对狂腐士邪教和造成火焰伤害的敌人有效。,耐久：315；基础护甲：0；叠加上限：1；配置修理次数：1；品质：传奇,,护甲会随等级缩放。,assets/images/防具装备/石棉战术背心--eaff40be1c.png,原版图鉴
中和剂战术背心,Neutralizer Tac Vest,未标注,外套,经过神器改造的战术背心，可防御腐蚀铠甲的毒素。研究所装备。,耐久：315；基础护甲：0；叠加上限：1；配置修理次数：1,,护甲会随等级缩放。,assets/images/防具装备/中和剂战术背心--fb1519e4ef.png,原版图鉴
幻影战术背心,Mirage Tac Vest,传奇,外套,随着角色等级提升， 铠甲效果也会相应增加。无法修理。,耐久：315；基础护甲：0；叠加上限：1；品质：传奇,,护甲会随等级缩放。,assets/images/防具装备/幻影战术背心--66e915aee2.png,原版图鉴
赤龙铠甲,Red Dragon's Armor,传奇,外套,内置热能神器的黑帮铠甲，增加火焰伤害。由小队携带进行仓库出击时使用。,耐久：315；基础护甲：0；叠加上限：1；配置修理次数：1；品质：传奇,,护甲会随等级缩放。,assets/images/防具装备/赤龙铠甲--69cf83a8c1.png,原版图鉴
紫龙铠甲,Purple Dragon's Armor,传奇,外套,没有人知道黑帮是如何得到暗区神器的。传闻说坪瑟本人收了高额报酬改造了他们的铠甲。,耐久：315；基础护甲：0；叠加上限：1；配置修理次数：1；品质：传奇,,护甲会随等级缩放。,assets/images/防具装备/紫龙铠甲--c11d4fa0e5.png,原版图鉴
青龙铠甲,Green Dragon's Armor,传奇,外套,黑帮懂得吸取敌人的长处。黑帮的探子成功从送葬者那里窃取了酸性神器的秘密。,耐久：315；基础护甲：0；叠加上限：1；配置修理次数：1；品质：传奇,,护甲会随等级缩放。,assets/images/防具装备/青龙铠甲--7b67e301f3.png,原版图鉴
黑帮猎鹰头盔,Triad Falcon's Helmet,传奇,头部,高科技头盔，可以计算出刀、斧、战刃等近战投掷武器的最佳投掷轨迹。,耐久：320；基础护甲：0；叠加上限：1；配置修理次数：1；品质：传奇,,护甲会随等级缩放。,assets/images/防具装备/黑帮猎鹰头盔--145ee2b390.png,原版图鉴
黑帮猛虎头盔,Triad Tiger's Helmet,传奇,头部,要想获得这个头盔，黑帮战士必须在近战中表现出绝对的优势。,耐久：320；基础护甲：0；叠加上限：1；配置修理次数：1；品质：传奇,,护甲会随等级缩放。,assets/images/防具装备/黑帮猛虎头盔--4c6cac4657.png,原版图鉴
黑帮恶龙背包,Triad Dragon's Backpack,未标注,背包,最优秀的黑帮袭击者的装备。里面装着他们所有的战利品，并能强化火焰武器。,叠加上限：1；储物栏位：15,,,assets/images/防具装备/黑帮恶龙背包--baed49a58e.png,原版图鉴
黑帮暗影头盔,Triad Shadow's Helmet,传奇,头部,帮规规定，任何人只要见到黑帮暗影之一的面孔，就必须死。,耐久：320；基础护甲：0；叠加上限：1；配置修理次数：1；品质：传奇,,护甲会随等级缩放。,assets/images/防具装备/黑帮暗影头盔--5c6e63f3d2.png,原版图鉴
黑帮暗影背心,Triad Shadow's Vest,传奇,内衣,如果敌人的攻击命中了黑帮暗影，就会出现轻巧但坚固的防御。,耐久：325；基础护甲：0；叠加上限：1；配置修理次数：1；品质：传奇,,护甲会随等级缩放。,assets/images/防具装备/黑帮暗影背心--297a20f099.png,原版图鉴
黑帮暗影裤子,Triad Shadow's Pants,传奇,腿部,防护良好，但不妨碍行动，这在近战中和切换位置进行狙击射击时一样重要。,耐久：335；基础护甲：0；叠加上限：1；配置修理次数：1；品质：传奇,,护甲会随等级缩放。,assets/images/防具装备/黑帮暗影裤子--a57aaf0c2c.png,原版图鉴
黑帮暗影靴子,Triad Shadow's Boots,传奇,足部,黑帮精英战士的靴子。快速而无情。,耐久：330；基础护甲：0；叠加上限：1；配置修理次数：1；品质：传奇,,护甲会随等级缩放。,assets/images/防具装备/黑帮暗影靴子--7e240393de.png,原版图鉴
黑帮暗影铠甲,Triad Shadow's Armor,传奇,外套,黑帮暗影的装备必须满足三个要求。它必须轻巧，可以快速攻击；无声，可以出其不意；耐用，可以应付公开对抗。,耐久：315；基础护甲：0；叠加上限：1；配置修理次数：1；品质：传奇,,护甲会随等级缩放。,assets/images/防具装备/黑帮暗影铠甲--12d7204e10.png,原版图鉴
黑帮手环,Triad Bracelets,未标注,配件,它们由一种不知名的合金制成，上面装饰着异象矿物碎片。只有黑帮的近战大师才能佩戴这种手环。,耐久：195000；叠加上限：1,,,assets/images/防具装备/黑帮手环--b66e4f35e1.png,原版图鉴
黑帮暗影披风,Triad Shadow's Cape,未标注,配件,黑帮刺客的装备，他们埋伏起来，无声地消灭敌人。,耐久：76500；叠加上限：1,,,assets/images/防具装备/黑帮暗影披风--5992bbbe56.png,原版图鉴
森林游荡者面具,Forest Strider's Mask,传奇,头部,游荡者面具，用于在有毒的尖叫森林中获得花岗岩和松木原木。,耐久：320；基础护甲：0；叠加上限：1；配置修理次数：1；品质：传奇,,护甲会随等级缩放。,assets/images/防具装备/森林游荡者面具--ac2c639da4.png,原版图鉴
森林游荡者毛衣,Forest Strider's Sweater,传奇,内衣,经久耐用的芳纶镶嵌体可保护重要器官，织物浸泡在解毒剂中，可以部分阻挡森林之子的毒素。,耐久：325；基础护甲：0；叠加上限：1；配置修理次数：1；品质：传奇,,护甲会随等级缩放。,assets/images/防具装备/森林游荡者毛衣--88b6e7fa56.png,原版图鉴
森林游荡者裤子,Forest Strider's Pants,传奇,腿部,保护你免于中毒或被箭射中膝盖。对于每个去森林里打猎但不想最后送上森林里的尖叫之神的祭坛的人来说，这是必备品。,耐久：335；基础护甲：0；叠加上限：1；配置修理次数：1；品质：传奇,,护甲会随等级缩放。,assets/images/防具装备/森林游荡者裤子--f145bc3a7f.png,原版图鉴
森林游荡者靴子,Forest Strider's Boots,传奇,足部,这双靴子是穿越尖叫森林的理想之选，可以保护你的脚免受毒素的伤害。你的脚是森林之子最爱的目标。,耐久：330；基础护甲：0；叠加上限：1；配置修理次数：1；品质：传奇,,护甲会随等级缩放。,assets/images/防具装备/森林游荡者靴子--f522fb5f44.png,原版图鉴
森林游荡者战术背心,Forest Strider's Tactical Vest,传奇,外套,最优秀的游荡者所使用的战术背心，拥有神器系统，可以中和体内大量的毒素。,耐久：315；基础护甲：0；叠加上限：1；配置修理次数：1；品质：传奇,,护甲会随等级缩放。,assets/images/防具装备/森林游荡者战术背心--1b7e822e76.png,原版图鉴
森林野兽面具,Forest Beast's Mask,传奇,头部,凡是见过森林野兽眼睛的人，都注定要遭殃。,耐久：320；基础护甲：0；叠加上限：1；配置修理次数：1；品质：传奇,,护甲会随等级缩放。,assets/images/防具装备/森林野兽面具--bb0fc4a7fc.png,原版图鉴
森林野兽背心,Forest Beast's Vest,传奇,内衣,正宗的森林野兽皮革，坚韧如钛。,耐久：325；基础护甲：0；叠加上限：1；配置修理次数：1；品质：传奇,,护甲会随等级缩放。,assets/images/防具装备/森林野兽背心--204afbdea0.png,原版图鉴
森林野兽裤子,Forest Beast's Pants,传奇,腿部,当野兽露出有毒的尖牙时，猎人变成了猎物。,耐久：335；基础护甲：0；叠加上限：1；配置修理次数：1；品质：传奇,,护甲会随等级缩放。,assets/images/防具装备/森林野兽裤子--b9a1b8dd46.png,原版图鉴
森林野兽靴子,Forest Beast's Boots,传奇,足部,森林野兽会在猎物听到吼声之前就将其毒死。,耐久：330；基础护甲：0；叠加上限：1；配置修理次数：1；品质：传奇,,护甲会随等级缩放。,assets/images/防具装备/森林野兽靴子--6120d57c57.png,原版图鉴
森林野兽铠甲,Forest Beast's Armor,传奇,外套,野兽的声音是震耳欲聋的咆哮，野兽的铠甲是坚硬的钢铁和变异体的毒刺。,耐久：315；基础护甲：0；叠加上限：1；配置修理次数：1；品质：传奇,,护甲会随等级缩放。,assets/images/防具装备/森林野兽铠甲--bd72ae1282.png,原版图鉴
吸附剂,Sorbent,未标注,配件,如果安装正确，该神器会抽取和吸收毒素，直到充满，然后自毁。,叠加上限：1,,,assets/images/防具装备/吸附剂--a42de3f29f.png,原版图鉴
森林之子的背包,Forest Children's Backpack,未标注,背包,森林之子在尖叫森林外寻找战利品和新的受害者时，会背负这种背包。,叠加上限：1；储物栏位：15,,,assets/images/防具装备/森林之子的背包--4ea5745603.png,原版图鉴
拉米亚头盔,Lamia's Helmet,传奇,头部,只有少数幸运儿看到拉米亚面孔后还能活下来。,耐久：320；基础护甲：0；叠加上限：1；配置修理次数：1；品质：传奇,,护甲会随等级缩放。,assets/images/防具装备/拉米亚头盔--379e50b4e3.png,原版图鉴
拉米亚铠甲服,Lamia's Armored Coat,传奇,外套,丹巴拉的獠牙会产生酸液。向伟大蛇彭特动手，就无法逃脱酸液了！,耐久：315；基础护甲：0；叠加上限：1；配置修理次数：1；品质：传奇,,护甲会随等级缩放。,assets/images/防具装备/拉米亚铠甲服--2725274f24.png,原版图鉴
核判官兜帽,Nuclear Inquisitor's Hood,传奇,头部,核判官接受了神圣的命令，发誓即使在弟兄们面前，也要始终戴着兜帽。,耐久：320；基础护甲：0；叠加上限：1；配置修理次数：1；品质：传奇,,护甲会随等级缩放。,assets/images/防具装备/核判官兜帽--b8a233d058.png,原版图鉴
核判官长袍,Nuclear Inquisitor's Robe,传奇,内衣,一件礼仪长袍，浸满了用来烧死罪人的木桩的烟气。,耐久：325；基础护甲：0；叠加上限：1；配置修理次数：1；品质：传奇,,护甲会随等级缩放。,assets/images/防具装备/核判官长袍--e5b837fb47.png,原版图鉴
核判官裤子,Nuclear Inquisitor's Trousers,传奇,腿部,身穿黑色长袍的核判官和净化之火的绿色火舌，是受害者最后看到的东西。,耐久：335；基础护甲：0；叠加上限：1；配置修理次数：1；品质：传奇,,护甲会随等级缩放。,assets/images/防具装备/核判官裤子--b23a6fc24f.png,原版图鉴
核判官靴子,Nuclear Inquisitor's Boots,传奇,足部,火刑仪式后，罪人被烧焦的遗体被践踏成灰烬。做出裁决的是判官。,耐久：330；基础护甲：0；叠加上限：1；配置修理次数：1；品质：传奇,,护甲会随等级缩放。,assets/images/防具装备/核判官靴子--ca791edaa5.png,原版图鉴
核判官铠甲长袍,Nuclear Inquisitor's Armored Robe,传奇,外套,狂腐士们相信，核战后的夜晚就像这身铠甲一样漆黑。只有审判的烈火才能让真正信仰的黎明更近。,耐久：315；基础护甲：0；叠加上限：1；配置修理次数：1；品质：传奇,,护甲会随等级缩放。,assets/images/防具装备/核判官铠甲长袍--fec80b3639.png,原版图鉴
净化之火头盔,Cleansing Fire Helmet,传奇,头部,透过头盔的眼缝，核炬士望着熊熊燃烧的火焰净化迷失的灵魂。,耐久：320；基础护甲：0；叠加上限：1；配置修理次数：1；品质：传奇,,护甲会随等级缩放。,assets/images/防具装备/净化之火头盔--65bc6f8465.png,原版图鉴
烈焰惩罚铠甲长袍,Flaming Retribution Armored Robe,传奇,外套,“你们要以烈焰的惩罚来对付那些意图伤害你们弟兄的人！”——荣耀盲者在焚化场的讲道,耐久：315；基础护甲：0；叠加上限：1；配置修理次数：1；品质：传奇,,护甲会随等级缩放。,assets/images/防具装备/烈焰惩罚铠甲长袍--d1f81e4df5.png,原版图鉴
火焰阻止器,Flame Arrester,未标注,配件,这件神器能吸收并阻止所有针对佩戴者的火焰伤害，一旦完全吸满火焰，它就会碎成一堆冰碎片。,叠加上限：1,,出现场景：伏击；出现场景：研究所的天线,assets/images/防具装备/火焰阻止器--5141460ea7.png,原版图鉴
燃烧之怒头盔,Burning Rage Helmet,传奇,头部,面对狂腐士邪教的无数敌人，真正信仰的传承者必须快速行动。,耐久：320；基础护甲：0；叠加上限：1；配置修理次数：1；品质：传奇,,护甲会随等级缩放。,assets/images/防具装备/燃烧之怒头盔--94c5046488.png,原版图鉴
神圣折磨铠甲长袍,Holy Torment Armored Robe,传奇,外套,核炬士的敌人在战斗中不仅会受到净化之火的伤害，还会受到他的辐射造成的削弱效果。,耐久：315；基础护甲：0；叠加上限：1；配置修理次数：1；品质：传奇,,护甲会随等级缩放。,assets/images/防具装备/神圣折磨铠甲长袍--9dae90d9d2.png,原版图鉴
净化之火铠甲长袍,Cleansing Fire Armored Robe,传奇,外套,这件铠甲长袍经过改造，留下了异象的印记，增加了目标对净化之火的脆弱性。,耐久：315；基础护甲：0；叠加上限：1；配置修理次数：1；品质：传奇,,护甲会随等级缩放。,assets/images/防具装备/净化之火铠甲长袍--3d4b6f47cd.png,原版图鉴
核炬士背包,Nuclear Torch's Backpack,传奇,背包,核炬士想尽力为荣耀盲者效劳。他们从异教徒的痛苦中获得治疗，被火焰所净化。,叠加上限：1；储物栏位：15；品质：传奇,,当前档案有 2 条同名记录；可能来自不同场景、活动或难度，请比较基础属性。,assets/images/防具装备/核炬士背包--34b0fb195c.png,原版图鉴
核炬士背包,Nuclear Torch's Backpack,传奇,背包,核炬士想尽力为荣耀盲者效劳。他们从异教徒的痛苦中获得治疗，被火焰所净化。,叠加上限：1；储物栏位：100；品质：传奇,,当前档案有 2 条同名记录；可能来自不同场景、活动或难度，请比较基础属性。,assets/images/防具装备/核炬士背包--34b0fb195c.png,原版图鉴
北极背包,Arctic Backpack,传奇,背包,一个巨大的野外背包，可以容纳你在异象雪地里生存相当长一段时间所需的一切。,叠加上限：1；储物栏位：20；品质：传奇,,当前档案有 2 条同名记录；可能来自不同场景、活动或难度，请比较基础属性。,assets/images/防具装备/北极背包--efd1e3ff17.png,原版图鉴
赤铁矿,Hematite,未标注,配件,该神器会逐渐溶解在你的血液中，取代被刽子手伤害或夺取的凝血细胞，直到耗尽。,叠加上限：1,,出现场景：伏击；出现场景：月神公园,assets/images/防具装备/赤铁矿--c38b629dad.png,原版图鉴
保护性的刽子手之心,Protective Heart of Carnifex,传奇,配件,极少有人知道这件神器。它可以防止致命伤，帮助受害者活着离开任何混乱局面。,耐久：350；叠加上限：1；品质：传奇,,,assets/images/防具装备/保护性的刽子手之心--183188a6d1.png,原版图鉴
暗黑游荡者背囊,Black Strider's Knapsack,传奇,背包,据传说，暗黑游荡者背囊是要塞兵团最好的装备。它可以装下任何数量的弹药，同时保护你不会遭到凶恶的背刺。,叠加上限：1；储物栏位：20；品质：传奇,,,assets/images/防具装备/暗黑游荡者背囊--8a1e047ed6.png,原版图鉴
狱吏头盔,Turnkey's Helmet,传奇,头部,这个面具是血色魔茧的俘虏看到的最后一件事。,耐久：320；基础护甲：0；叠加上限：1；配置修理次数：1；品质：传奇,,护甲会随等级缩放。,assets/images/防具装备/狱吏头盔--66567b0f8a.png,原版图鉴
狱吏背心,Turnkey's Vest,传奇,内衣,在异象铠甲的保护下，哪怕是一枪打在心脏上，狱吏也不会放开俘虏。,耐久：325；基础护甲：0；叠加上限：1；配置修理次数：1；品质：传奇,,护甲会随等级缩放。,assets/images/防具装备/狱吏背心--a3833b05db.png,原版图鉴
狱吏裤子,Turnkey's Pants,传奇,腿部,连死神自己都在多年前拒绝了狱吏。还有希望打败他吗？,耐久：335；基础护甲：0；叠加上限：1；配置修理次数：1；品质：传奇,,护甲会随等级缩放。,assets/images/防具装备/狱吏裤子--20d7e07f3f.png,原版图鉴
狱吏靴子,Turnkey's Boots,传奇,足部,随着角色等级提升， 铠甲效果也会相应增加。提升耐用性。传奇物品。,耐久：330；基础护甲：0；叠加上限：1；配置修理次数：1；品质：传奇,,护甲会随等级缩放。,assets/images/防具装备/狱吏靴子--9242b16f6b.png,原版图鉴
狱吏马甲,Turnkey's Armor,传奇,外套,走投无路的监狱受害者的最后一发子弹在那件厚重的铠甲上弹开，铠甲上有共生的肌肉状组织。,耐久：315；基础护甲：0；叠加上限：1；配置修理次数：1；品质：传奇,,护甲会随等级缩放。,assets/images/防具装备/狱吏马甲--16ee224c2d.png,原版图鉴
狱吏铠甲,Turnkey's Armor,传奇,外套,共生结帮助你穿着这套铠甲移动，甚至还能背负大量的重量，但它们始终渴求血液作为回报。,耐久：315；基础护甲：0；叠加上限：1；配置修理次数：1；品质：传奇,,护甲会随等级缩放。,assets/images/防具装备/狱吏铠甲--1effd1c9ee.png,原版图鉴
暗黑游荡者烈焰铠甲,Black Strider's Fiery Armor,传奇,外套,在遇到一个穿着这种铠甲清理仓库的LRS特种部队的士兵后，许多人发誓说他们看到了暗黑游荡者。,耐久：315；基础护甲：0；叠加上限：1；配置修理次数：1；品质：传奇,,护甲会随等级缩放。；当前档案有 2 条同名记录；可能来自不同场景、活动或难度，请比较基础属性。,assets/images/防具装备/暗黑游荡者烈焰铠甲--cc9ed6c650.png,原版图鉴
游荡者战术背心,Strider's Tactical Vest,传奇,外套,结实的背心， 搭配腰带和腰包。,耐久：265；基础护甲：560；叠加上限：1；配置修理次数：1；品质：传奇,,可以被生产；当前档案有 7 条同名记录；可能来自不同场景、活动或难度，请比较基础属性。；相关工作台：残骸,assets/images/防具装备/游荡者战术背心--28788b5cf2.png,原版图鉴
无业游民靴子,Hobo's Boots,未标注,足部,很轻， 用碎布和毛皮制成。 约为脚踝的高度。,耐久：280；基础护甲：40；叠加上限：1；配置修理次数：1,,可以被生产；当前档案有 2 条同名记录；可能来自不同场景、活动或难度，请比较基础属性。；相关工作台：残骸,assets/images/防具装备/无业游民靴子--9df182216b.png,原版图鉴
无业游民T恤,Hobo's T-Shirt,未标注,内衣,不大可能抵御任何比老鼠大的东西。,耐久：275；基础护甲：50；叠加上限：1；配置修理次数：1,,可以被生产；当前档案有 2 条同名记录；可能来自不同场景、活动或难度，请比较基础属性。；相关工作台：残骸,assets/images/防具装备/无业游民T恤--5b62aaea35.png,原版图鉴
无业游民上衣,Hobo's Top,未标注,外套,帆布拼凑， 麻线缝制而成。,耐久：265；基础护甲：80；叠加上限：1；配置修理次数：1,,可以被生产；当前档案有 2 条同名记录；可能来自不同场景、活动或难度，请比较基础属性。；相关工作台：残骸,assets/images/防具装备/无业游民上衣--948df62e37.png,原版图鉴
无业游民头巾,Hobo's Bandana,未标注,头部,为脑袋提供轻微防护， 以免受到打击。,耐久：270；基础护甲：35；叠加上限：1；配置修理次数：1,,可以被生产；当前档案有 2 条同名记录；可能来自不同场景、活动或难度，请比较基础属性。；相关工作台：残骸,assets/images/防具装备/无业游民头巾--b13cd3f6ff.png,原版图鉴
无业游民裤子,Hobo's Pants,未标注,腿部,匆忙缝制的破布裤子。,耐久：285；基础护甲：45；叠加上限：1；配置修理次数：1,,可以被生产；当前档案有 2 条同名记录；可能来自不同场景、活动或难度，请比较基础属性。；相关工作台：残骸,assets/images/防具装备/无业游民裤子--997f5fc22c.png,原版图鉴
凝血战术背心,Hema Tac Vest,传奇,外套,随着角色等级提升， 铠甲效果也会相应增加。无法修理。,耐久：315；基础护甲：0；叠加上限：1；品质：传奇,,护甲会随等级缩放。,assets/images/防具装备/凝血战术背心--5bb8cbb948.png,原版图鉴
萨梅迪之盾,Samedi's Shield,传奇,配件,由铁匠的守护神昂贡的仆从为死亡洛亚神的战士们制作。这面护盾受到这两位神的祝福。,耐久：330；叠加上限：1；配置修理次数：1；品质：传奇,,,assets/images/防具装备/萨梅迪之盾--844c58a84b.png,原版图鉴
游荡者的破旧便帽,Strider's Shabby Beanie,未标注,头部,带衬里的防水帽。 游荡者的典型头饰。,耐久：85；基础护甲：60；叠加上限：1,,可以被生产；相关工作台：残骸,assets/images/防具装备/游荡者便帽--95d0b6215d.png,原版图鉴
游荡者的破旧运动衫,Strider's Shabby Sweatshirt,未标注,内衣,带衬里的优质运动衫。 它还附有一个空狗牌， 以填写游荡者队员的姓名。,耐久：112；基础护甲：70；叠加上限：1,,可以被生产；相关工作台：残骸,assets/images/防具装备/游荡者运动衫--a739668262.png,原版图鉴
游荡者的破旧裤子,Strider's Shabby Pants,未标注,腿部,带护膝的缝合裤子。 穿上它们， 你就能很好融入游荡者灾难酒吧。,耐久：138；基础护甲：100；叠加上限：1,,可以被生产；相关工作台：残骸,assets/images/防具装备/游荡者裤子--537f4bb881.png,原版图鉴
游荡者的破旧靴子,Strider's Shabby Boots,未标注,足部,领地征服者靴子。 镶嵌金属的厚重军靴。,耐久：155；基础护甲：70；叠加上限：1,,可以被生产；相关工作台：残骸,assets/images/防具装备/游荡者靴子--c6873e58e0.png,原版图鉴
游荡者的破旧战术背心,Strider's Shabby Tactical Vest,传奇,外套,结实的背心， 搭配腰带和腰包。,耐久：101；基础护甲：110；叠加上限：1；品质：传奇,,可以被生产；相关工作台：残骸,assets/images/防具装备/游荡者战术背心--28788b5cf2.png,原版图鉴
共生食尸鬼背包,Symbiotic Ghoul Backpack,传奇,背包,仓库帮派用这个背包来携带赃物，而狱吏则用它来放置刑具。它上面布满了变异共生体，就像它的主人一样。,叠加上限：1；储物栏位：20；品质：传奇,,,assets/images/防具装备/共生食尸鬼背包--51d534b5ff.png,原版图鉴
黑龙头盔,Black Dragon's Helmet,未标注,头部,据说黑龙头盔的黑色眼镜后面什么都没有：没有恐惧、没有痛苦、没有感情。,耐久：385；基础护甲：3000；叠加上限：1；配置修理次数：2,,,assets/images/防具装备/黑龙头盔--271f64c988.png,原版图鉴
黑龙面具,Black Dragon's Mask,未标注,头部,需要在古老的仪式中通过许多试炼，然后族长才会把这个面具交给武士，黑龙将再也不能取下这个面具。,耐久：385；基础护甲：3000；叠加上限：1；配置修理次数：2,,,assets/images/防具装备/黑龙面具--f30304fc03.png,原版图鉴
黑龙背心,Black Dragon's Vest,未标注,内衣,黑帮杀手称这些背心为他们的“第二层皮肤”。黑龙即使睡觉前也不会脱下它们。,耐久：390；基础护甲：4000；叠加上限：1；配置修理次数：2,,,assets/images/防具装备/黑龙背心--a78aa1c183.png,原版图鉴
黑龙裤子,Black Dragon's Pants,未标注,腿部,铠甲的黑色不仅是对传统的认可，也是成功埋伏黑帮敌人的关键。,耐久：400；基础护甲：5000；叠加上限：1；配置修理次数：2,,,assets/images/防具装备/黑龙裤子--c84d99c29b.png,原版图鉴
黑龙靴子,Black Dragon's Boots,未标注,足部,黑龙的脚步声只会被已被其打败的敌人听见。,耐久：395；基础护甲：4000；叠加上限：1；配置修理次数：2,,,assets/images/防具装备/黑龙靴子--03e99ad99c.png,原版图鉴
黑龙板甲,Black Dragon's Plate,未标注,外套,这副板甲的每个元素都有相应的作用——黑龙不能死于其受害者前，不论对方是谁。,耐久：380；基础护甲：5000；叠加上限：1；配置修理次数：2,,,assets/images/防具装备/黑龙板甲--c1ae114cd5.png,原版图鉴
黑龙铠甲,Black Dragon's Armor,未标注,外套,几代黑帮大师努力打造了这件铠甲。它是黑龙一族熟练刺客的装束。,耐久：380；基础护甲：5000；叠加上限：1；配置修理次数：2,,,assets/images/防具装备/黑龙铠甲--0795c4a2e3.png,原版图鉴
研究员背包,Researcher's Backpack,未标注,背包,一个十分宽敞但不是非常耐用的背包。对任何重视自己生命的人来说都是一件好东西。,耐久：300；叠加上限：1；储物栏位：15,,可以被生产；相关工作台：残骸,assets/images/防具装备/研究员背包--5f8f51fd9c.png,原版图鉴
新年背包,New Year Backpack,传奇,背包,节日外观、放置战利品的大量空间，还有一个用于强化冰霜武器的集成模块。给游荡者的最佳新年礼物。,基础护甲：0；叠加上限：1；储物栏位：20；品质：传奇,,护甲会随等级缩放。,assets/images/防具装备/新年背包--dbd240421a.png,原版图鉴
要塞兵团头盔,Citadel Corps Helmet,未标注,头部,警戒线机枪手讽刺地称这种头盔为“蜘蛛头”。 但他们都知道，如果在值班时摘下它，几乎总是意味着死亡。,耐久：385；基础护甲：2800；叠加上限：1；配置修理次数：2,,,assets/images/防具装备/要塞兵团头盔--70c7203a61.png,原版图鉴
警戒线-M头盔,Cordon-M Helmet,未标注,头部,战士们在无休止的守望中需要一点信仰。据说，除非红色条纹不见了，你都不会受到头部伤害。,耐久：385；基础护甲：2800；叠加上限：1；配置修理次数：2,,,assets/images/防具装备/警戒线-M头盔--c7fe681a25.png,原版图鉴
要塞兵团毛衣,Citadel Corps Sweater,未标注,内衣,"“战斗前不要洗毛衣，但如果你不想进入惩戒耽误，就应该把铠甲擦得闪闪发
光”：一位少尉给新兵的建议。",耐久：390；基础护甲：4200；叠加上限：1；配置修理次数：2,,,assets/images/防具装备/要塞兵团毛衣--00ece3ccfd.png,原版图鉴
要塞兵团裤子,Citadel Corps Pants,未标注,腿部,穿着这条裤子的膝部攻击甚至足以阻止克劳怪。铠甲衬里可以保护你的关节不受伤害。,耐久：400；基础护甲：4850；叠加上限：1；配置修理次数：2,,,assets/images/防具装备/要塞兵团裤子--b1e82e71dc.png,原版图鉴
要塞兵团靴子,Citadel Corps Boots,未标注,足部,哨兵穿着这双靴子在警戒线上行进的声音回荡在加尔科夫荒无人烟的街道上。,耐久：395；基础护甲：3920；叠加上限：1；配置修理次数：2,,,assets/images/防具装备/要塞兵团靴子--3b3ecb36d9.png,原版图鉴
要塞兵团铠甲,Citadel Corps Armor,未标注,外套,紧密的队形、集中的火力和钛合金制成的铠甲，这些是在突破期间接受火力洗礼的战士唯一的希望。,耐久：380；基础护甲：5130；叠加上限：1；配置修理次数：2,,,assets/images/防具装备/要塞兵团铠甲--4d22dd81d3.png,原版图鉴
警戒线-M铠甲,Cordon-M Armor,未标注,外套,要塞兵团的突击营铠甲是为了消除突破口和越过警戒线的自杀式外出行动而开发的。,耐久：380；基础护甲：5130；叠加上限：1；配置修理次数：2,,,assets/images/防具装备/警戒线-M铠甲--75c244b1ec.png,原版图鉴
枢机主教背包,Cardinal's Backpack,传奇,背包,枢机主教亲自为所有前往工厂的朝圣者提供装备。狂腐士必须归还宽敞的装甲背囊，里面装满礼物。,耐久：300；叠加上限：1；储物栏位：20；品质：传奇,,,assets/images/防具装备/枢机主教背包--64bab35cd1.png,原版图鉴
枢机主教长袍,Cardinal's Robe,未标注,内衣,教“我的身体在永恒之火中洗净了罪孽，我相信核辉光的慈悲和保护。”——来自枢机主教的入会祈祷。,耐久：390；基础护甲：3546；叠加上限：1；配置修理次数：2,,,assets/images/防具装备/枢机主教长袍--1a2d19cc1e.png,原版图鉴
枢机主教法衣,Cardinal's Cassock,未标注,腿部,“我屈膝发下永恒的誓言，以实现您的光明意志。”——来自枢机主教的入会祈祷。,耐久：400；基础护甲：3743；叠加上限：1；配置修理次数：2,,,assets/images/防具装备/枢机主教法衣--1881062ad4.png,原版图鉴
枢机主教靴子,Cardinal's Boots,未标注,足部,“……通过我们的救赎行军，把世界变成灰烬和烟尘。赞美核辉光。”——来自枢机主教的入会祈祷。,耐久：395；基础护甲：3152；叠加上限：1；配置修理次数：2,,,assets/images/防具装备/枢机主教靴子--9dc648c8fb.png,原版图鉴
枢机主教铠甲长袍,Cardinal's Armored Robe,未标注,外套,“我加强我的身体和信仰，以消除对死亡的恐惧，而将它施加给被误导的人。”——来自枢机主教的入会祈祷。,耐久：395；基础护甲：5910；叠加上限：1；配置修理次数：2,,,assets/images/防具装备/枢机主教铠甲长袍--1cdc9fd3ab.png,原版图鉴
枢机主教头冠,Cardinal's Miter,未标注,头部,“愿它的重量永远伴随着我，并消除任何疑虑。”——来自枢机主教的入会祈祷。,耐久：385；基础护甲：3349；叠加上限：1；配置修理次数：2,,,assets/images/防具装备/枢机主教头冠--aa80b80ecb.png,原版图鉴
刺激-1A模块,Stimulus-1A Module,未标注,随从模块,"独特物品。
盟友装备。用于81级及以上盟友。",耐久：20000；叠加上限：1；配置修理次数：1,,,assets/images/防具装备/刺激-1A模块--fe2aeab8b5.png,原版图鉴
镜头-1A面罩,Lens-1A Visor,未标注,随从头部装备,研究所的军用开发品，有效地用于提高准确性和反应。,耐久：20000；叠加上限：1；配置修理次数：1,,,assets/images/防具装备/镜头-1A面罩--4ed8ee92e5.png,原版图鉴
骑士-1A背心,Knight-1A Vest,未标注,随从背心,研究所开发的轻型战术背心。可提高战士的身体表现和战斗潜力。,耐久：20000；叠加上限：1；配置修理次数：1,,当前档案有 2 条同名记录；可能来自不同场景、活动或难度，请比较基础属性。,assets/images/防具装备/骑士-1A背心--be354245a3.png,原版图鉴
猎户座-1A皮带,Orion-1A Belt,未标注,随从腰带,为适应战士的个人特征而量身定做的个人化腰带单元。由研究所开发，在远征时装备。,耐久：20000；叠加上限：1；配置修理次数：1,,,assets/images/防具装备/猎户座-1A皮带--b7c9ac84c9.png,原版图鉴
新年背包Mk.1,New Year Backpack Mk.1,传奇,背包,节日外观、放置战利品的大量空间，还有一个用于强化冰霜武器的集成模块。给游荡者的最佳新年礼物。,耐久：300；基础护甲：0；叠加上限：1；储物栏位：20；品质：传奇,,护甲会随等级缩放。,assets/images/防具装备/新年背包--dbd240421a.png,原版图鉴
共生食尸鬼背包 Mk.1,Symbiotic Ghoul Backpack Mk.1,传奇,背包,仓库帮派用这个背包来携带赃物，而狱吏则用它来放置刑具。它上面布满了变异共生体，就像它的主人一样。,耐久：300；叠加上限：1；储物栏位：20；品质：传奇,,,assets/images/防具装备/共生食尸鬼背包--51d534b5ff.png,原版图鉴
暗黑游荡者背囊Mk.1,Black Strider's Knapsack Mk.1,传奇,背包,据传说，暗黑游荡者背囊是要塞兵团最好的装备。它可以装下任何数量的弹药，同时保护你不会遭到凶恶的背刺。,耐久：300；叠加上限：1；储物栏位：20；品质：传奇,,,assets/images/防具装备/暗黑游荡者背囊--8a1e047ed6.png,原版图鉴
北极背包Mk.1,Arctic Backpack Mk.1,传奇,背包,一个巨大的野外背包，可以容纳你在异象雪地里生存相当长一段时间所需的一切。,耐久：300；叠加上限：1；储物栏位：20；品质：传奇,,当前档案有 2 条同名记录；可能来自不同场景、活动或难度，请比较基础属性。,assets/images/防具装备/北极背包--efd1e3ff17.png,原版图鉴
核炬士背包Mk.1,Nuclear Torch's Backpack Mk.1,传奇,背包,核炬士想尽力为荣耀盲者效劳。他们从异教徒的痛苦中获得治疗，被火焰所净化。,耐久：300；叠加上限：1；储物栏位：15；品质：传奇,,,assets/images/防具装备/核炬士背包--34b0fb195c.png,原版图鉴
森林之子的背包Mk.1,Forest Children's Backpack Mk.1,未标注,背包,森林之子在尖叫森林外寻找战利品和新的受害者时，会背负这种背包。,耐久：300；叠加上限：1；储物栏位：15,,,assets/images/防具装备/森林之子的背包--4ea5745603.png,原版图鉴
黑帮恶龙背包Mk.1,Triad Dragon's Backpack Mk.1,未标注,背包,最优秀的黑帮袭击者的装备。里面装着他们所有的战利品，并能强化火焰武器。,耐久：300；叠加上限：1；储物栏位：15,,,assets/images/防具装备/黑帮恶龙背包--baed49a58e.png,原版图鉴
灭绝者背包Mk.1,Exterminator's Backpack Mk.1,未标注,背包,小尺寸、高容量的背包，对于暗区中的灭绝者至关重要。内置的神器可增加获胜的几率。,耐久：300；叠加上限：1；储物栏位：15,,,assets/images/防具装备/灭绝者背包--572f255fce.png,原版图鉴
鹰队战术背包Mk.1,Hawks' Tactical Backpack Mk.1,未标注,背包,最好的鹰队装备之一。它有足够的空间容纳大量战利品和装备。配有修理包，以延长武器的耐用性。,耐久：300；叠加上限：1；储物栏位：15,,,assets/images/防具装备/鹰队战术背包--38fd1f857f.png,原版图鉴
北极背包Mk.1,Arctic Backpack Mk.1,未标注,背包,要塞兵团远程监视部队的一个宽敞的战术背包。用于严冬或变异的永久冻土条件下的外出和清理。,耐久：300；基础护甲：0；叠加上限：1；储物栏位：20,,护甲会随等级缩放。；当前档案有 2 条同名记录；可能来自不同场景、活动或难度，请比较基础属性。,assets/images/防具装备/暗黑游荡者背包--8187b22cd2.png,原版图鉴
送葬者大背包Mk.1,Undertakers' Big Backpack Mk.1,传奇,背包,根据传闻，伏都教教徒从鹰队那里得到了大型军队背包的蓝图。鹰队现在位列首批送葬者之中。,耐久：300；基础护甲：0；叠加上限：1；储物栏位：15；品质：传奇,,护甲会随等级缩放。,assets/images/防具装备/送葬者大背包--9b4a1a6d0d.png,原版图鉴
暗黑游荡者背包Mk.1,Black Strider's Backpack Mk.1,传奇,背包,一款大容量背包， 可用来装你的战利品。 可在灾难酒吧找到， 暗黑游荡者最后一次野外考察时的背包。,耐久：300；基础护甲：0；叠加上限：1；储物栏位：15；品质：传奇,,护甲会随等级缩放。,assets/images/防具装备/暗黑游荡者背包--8187b22cd2.png,原版图鉴
军队背包Mk.1,Army Backpack Mk.1,未标注,背包,一个大容量的背包， 可以装下很多战利品。,耐久：300；叠加上限：1；储物栏位：15,,,assets/images/防具装备/军队背包--eab54a3fb5.png,原版图鉴
镜头-2A面罩,Lens-2A Visor,稀有,随从头部装备,研究所的军用开发品，有效地用于提高准确性和反应。,耐久：20000；叠加上限：1；配置修理次数：1；品质：稀有,,,assets/images/防具装备/镜头-2A面罩--b2ac38b05a.png,原版图鉴
刺激-2A模块,Stimulus-2A Module,稀有,随从模块,"独特物品。
盟友装备。用于81级及以上盟友。",耐久：20000；叠加上限：1；配置修理次数：1；品质：稀有,,,assets/images/防具装备/刺激-2A模块--e9ac1c7f0d.png,原版图鉴
骑士-2A背心,Knight-2A Vest,稀有,随从背心,研究所开发的轻型战术背心。可提高战士的身体表现和战斗潜力。,耐久：20000；叠加上限：1；配置修理次数：1；品质：稀有,,,assets/images/防具装备/骑士-2A背心--0adc8d3198.png,原版图鉴
猎户座-2A皮带,Orion-2A Belt,稀有,随从腰带,为适应战士的个人特征而量身定做的个人化腰带单元。由研究所开发，在远征时装备。,耐久：20000；叠加上限：1；配置修理次数：1；品质：稀有,,,assets/images/防具装备/猎户座-2A皮带--5d3940e512.png,原版图鉴
镜头-3A面罩,Lens-3A Visor,独特,随从头部装备,研究所的军用开发品，有效地用于提高准确性和反应。,耐久：20000；叠加上限：1；配置修理次数：1；品质：独特,,,assets/images/防具装备/镜头-3A面罩--1224b6c40c.png,原版图鉴
刺激-3A模块,Stimulus-3A Module,独特,随从模块,"独特物品。
盟友装备。用于81级及以上盟友。",耐久：20000；叠加上限：1；配置修理次数：1；品质：独特,,,assets/images/防具装备/刺激-3A模块--ec89bb5927.png,原版图鉴
骑士-3A背心,Knight-3A Vest,独特,随从背心,研究所开发的轻型战术背心。可提高战士的身体表现和战斗潜力。,耐久：20000；叠加上限：1；配置修理次数：1；品质：独特,,,assets/images/防具装备/骑士-3A背心--b229404195.png,原版图鉴
猎户座-3A皮带,Orion-3A Belt,独特,随从腰带,为适应战士的个人特征而量身定做的个人化腰带单元。由研究所开发，在远征时装备。,耐久：20000；叠加上限：1；配置修理次数：1；品质：独特,,,assets/images/防具装备/猎户座-3A皮带--772b67ba35.png,原版图鉴
镜头-1B面罩,Lens-1B Visor,未标注,随从头部装备,研究所的军用开发品，有效地用于提高准确性和反应。,耐久：20000；叠加上限：1；配置修理次数：1,,,assets/images/防具装备/镜头-1A面罩--4ed8ee92e5.png,原版图鉴
刺激-1B模块,Stimulus-1B Module,未标注,随从模块,"独特物品。
盟友装备。用于81级及以上盟友。",耐久：20000；叠加上限：1；配置修理次数：1,,,assets/images/防具装备/刺激-1A模块--fe2aeab8b5.png,原版图鉴
骑士-1B背心,Knight-1B Vest,未标注,随从背心,研究所开发的轻型战术背心。可提高战士的身体表现和战斗潜力。,耐久：20000；叠加上限：1；配置修理次数：1,,,assets/images/防具装备/骑士-1A背心--be354245a3.png,原版图鉴
猎户座-1B皮带,Orion-1B Belt,未标注,随从腰带,为适应战士的个人特征而量身定做的个人化腰带单元。由研究所开发，在远征时装备。,耐久：20000；叠加上限：1；配置修理次数：1,,,assets/images/防具装备/猎户座-1A皮带--b7c9ac84c9.png,原版图鉴
镜头-2B面罩,Lens-2B Visor,稀有,随从头部装备,研究所的军用开发品，有效地用于提高准确性和反应。,耐久：20000；叠加上限：1；配置修理次数：1；品质：稀有,,,assets/images/防具装备/镜头-2A面罩--b2ac38b05a.png,原版图鉴
刺激-2B模块,Stimulus-2B Module,稀有,随从模块,"独特物品。
盟友装备。用于81级及以上盟友。",耐久：20000；叠加上限：1；配置修理次数：1；品质：稀有,,,assets/images/防具装备/刺激-2A模块--e9ac1c7f0d.png,原版图鉴
骑士-2B背心,Knight-2B Vest,稀有,随从背心,研究所开发的轻型战术背心。可提高战士的身体表现和战斗潜力。,耐久：20000；叠加上限：1；配置修理次数：1；品质：稀有,,,assets/images/防具装备/骑士-2A背心--0adc8d3198.png,原版图鉴
猎户座-2B皮带,Orion-2B Belt,稀有,随从腰带,为适应战士的个人特征而量身定做的个人化腰带单元。由研究所开发，在远征时装备。,耐久：20000；叠加上限：1；配置修理次数：1；品质：稀有,,,assets/images/防具装备/猎户座-2A皮带--5d3940e512.png,原版图鉴
镜头-3B面罩,Lens-3B Visor,独特,随从头部装备,研究所的军用开发品，有效地用于提高准确性和反应。,耐久：20000；叠加上限：1；配置修理次数：1；品质：独特,,,assets/images/防具装备/镜头-3A面罩--1224b6c40c.png,原版图鉴
刺激-3B模块,Stimulus-3B Module,独特,随从模块,"独特物品。
盟友装备。用于81级及以上盟友。",耐久：20000；叠加上限：1；配置修理次数：1；品质：独特,,,assets/images/防具装备/刺激-3A模块--ec89bb5927.png,原版图鉴
骑士-3B背心,Knight-3B Vest,独特,随从背心,研究所开发的轻型战术背心。可提高战士的身体表现和战斗潜力。,耐久：20000；叠加上限：1；配置修理次数：1；品质：独特,,,assets/images/防具装备/骑士-3A背心--b229404195.png,原版图鉴
猎户座-3B皮带,Orion-3B Belt,独特,随从腰带,为适应战士的个人特征而量身定做的个人化腰带单元。由研究所开发，在远征时装备。,耐久：20000；叠加上限：1；配置修理次数：1；品质：独特,,,assets/images/防具装备/猎户座-3A皮带--772b67ba35.png,原版图鉴
复活节背囊,Easter Knapsack,未标注,背包,这个背包可以塞满节日的食物，而且还有空间放置密封彩蛋和武器。,耐久：300；叠加上限：1；储物栏位：15,,,assets/images/防具装备/复活节背囊--0e04c2de2d.png,原版图鉴
矮胖子,Humpty Dumpty,未标注,配件,流线型的高端装备，专为研究所惩教部的使用而开发。,耐久：120000；叠加上限：1,,,assets/images/防具装备/矮胖子--5b058dc377.png,原版图鉴
镜头-1C面罩,Lens-1C Visor,未标注,随从头部装备,研究所的军用开发品，有效地用于提高准确性和反应。,耐久：20000；叠加上限：1；配置修理次数：1,,,assets/images/防具装备/镜头-1A面罩--4ed8ee92e5.png,原版图鉴
镜头-1D面罩,Lens-1D Visor,未标注,随从头部装备,研究所的军用开发品，有效地用于提高准确性和反应。,耐久：20000；叠加上限：1；配置修理次数：1,,,assets/images/防具装备/镜头-1A面罩--4ed8ee92e5.png,原版图鉴
镜头-1E面罩,Lens-1E Visor,未标注,随从头部装备,研究所的军用开发品，有效地用于提高准确性和反应。,耐久：20000；叠加上限：1；配置修理次数：1,,,assets/images/防具装备/镜头-1A面罩--4ed8ee92e5.png,原版图鉴
刺激-1C模块,Stimulus-1C Module,未标注,随从模块,"独特物品。
盟友装备。用于81级及以上盟友。",耐久：20000；叠加上限：1；配置修理次数：1,,,assets/images/防具装备/刺激-1A模块--fe2aeab8b5.png,原版图鉴
刺激-1D模块,Stimulus-1D Module,未标注,随从模块,"独特物品。
盟友装备。用于81级及以上盟友。",耐久：20000；叠加上限：1；配置修理次数：1,,,assets/images/防具装备/刺激-1A模块--fe2aeab8b5.png,原版图鉴
刺激-1E模块,Stimulus-1E Module,未标注,随从模块,"独特物品。
盟友装备。用于81级及以上盟友。",耐久：20000；叠加上限：1；配置修理次数：1,,,assets/images/防具装备/刺激-1A模块--fe2aeab8b5.png,原版图鉴
骑士-1C背心,Knight-1C Vest,未标注,随从背心,研究所开发的轻型战术背心。可提高战士的身体表现和战斗潜力。,耐久：20000；叠加上限：1；配置修理次数：1,,,assets/images/防具装备/骑士-1A背心--be354245a3.png,原版图鉴
骑士-1D背心,Knight-1D Vest,未标注,随从背心,研究所开发的轻型战术背心。可提高战士的身体表现和战斗潜力。,耐久：20000；叠加上限：1；配置修理次数：1,,,assets/images/防具装备/骑士-1A背心--be354245a3.png,原版图鉴
骑士-1E背心,Knight-1E Vest,未标注,随从背心,研究所开发的轻型战术背心。可提高战士的身体表现和战斗潜力。,耐久：20000；叠加上限：1；配置修理次数：1,,,assets/images/防具装备/骑士-1A背心--be354245a3.png,原版图鉴
猎户座-1C皮带,Orion-1C Belt,未标注,随从腰带,为适应战士的个人特征而量身定做的个人化腰带单元。由研究所开发，在远征时装备。,耐久：20000；叠加上限：1；配置修理次数：1,,,assets/images/防具装备/猎户座-1A皮带--b7c9ac84c9.png,原版图鉴
猎户座-1D皮带,Orion-1D Belt,未标注,随从腰带,为适应战士的个人特征而量身定做的个人化腰带单元。由研究所开发，在远征时装备。,耐久：20000；叠加上限：1；配置修理次数：1,,,assets/images/防具装备/猎户座-1A皮带--b7c9ac84c9.png,原版图鉴
猎户座-1E皮带,Orion-1E Belt,未标注,随从腰带,为适应战士的个人特征而量身定做的个人化腰带单元。由研究所开发，在远征时装备。,耐久：20000；叠加上限：1；配置修理次数：1,,,assets/images/防具装备/猎户座-1A皮带--b7c9ac84c9.png,原版图鉴
镜头-2C面罩,Lens-2C Visor,稀有,随从头部装备,研究所的军用开发品，有效地用于提高准确性和反应。,耐久：20000；叠加上限：1；配置修理次数：1；品质：稀有,,,assets/images/防具装备/镜头-2A面罩--b2ac38b05a.png,原版图鉴
镜头-2D面罩,Lens-2D Visor,稀有,随从头部装备,研究所的军用开发品，有效地用于提高准确性和反应。,耐久：20000；叠加上限：1；配置修理次数：1；品质：稀有,,,assets/images/防具装备/镜头-2A面罩--b2ac38b05a.png,原版图鉴
镜头-2E面罩,Lens-2E Visor,稀有,随从头部装备,研究所的军用开发品，有效地用于提高准确性和反应。,耐久：20000；叠加上限：1；配置修理次数：1；品质：稀有,,,assets/images/防具装备/镜头-2A面罩--b2ac38b05a.png,原版图鉴
刺激-2C模块,Stimulus-2C Module,稀有,随从模块,"独特物品。
盟友装备。用于81级及以上盟友。",耐久：20000；叠加上限：1；配置修理次数：1；品质：稀有,,,assets/images/防具装备/刺激-2A模块--e9ac1c7f0d.png,原版图鉴
刺激-2D模块,Stimulus-2D Module,稀有,随从模块,"独特物品。
盟友装备。用于81级及以上盟友。",耐久：20000；叠加上限：1；配置修理次数：1；品质：稀有,,,assets/images/防具装备/刺激-2A模块--e9ac1c7f0d.png,原版图鉴
刺激-2E模块,Stimulus-2E Module,稀有,随从模块,"独特物品。
盟友装备。用于81级及以上盟友。",耐久：20000；叠加上限：1；配置修理次数：1；品质：稀有,,,assets/images/防具装备/刺激-2A模块--e9ac1c7f0d.png,原版图鉴
骑士-2C背心,Knight-2C Vest,稀有,随从背心,研究所开发的轻型战术背心。可提高战士的身体表现和战斗潜力。,耐久：20000；叠加上限：1；配置修理次数：1；品质：稀有,,,assets/images/防具装备/骑士-2A背心--0adc8d3198.png,原版图鉴
骑士-2D背心,Knight-2D Vest,稀有,随从背心,研究所开发的轻型战术背心。可提高战士的身体表现和战斗潜力。,耐久：20000；叠加上限：1；配置修理次数：1；品质：稀有,,,assets/images/防具装备/骑士-2A背心--0adc8d3198.png,原版图鉴
骑士-2E背心,Knight-2E Vest,稀有,随从背心,研究所开发的轻型战术背心。可提高战士的身体表现和战斗潜力。,耐久：20000；叠加上限：1；配置修理次数：1；品质：稀有,,,assets/images/防具装备/骑士-2A背心--0adc8d3198.png,原版图鉴
猎户座-2C皮带,Orion-2C Belt,稀有,随从腰带,为适应战士的个人特征而量身定做的个人化腰带单元。由研究所开发，在远征时装备。,耐久：20000；叠加上限：1；配置修理次数：1；品质：稀有,,,assets/images/防具装备/猎户座-2A皮带--5d3940e512.png,原版图鉴
猎户座-2D皮带,Orion-2D Belt,稀有,随从腰带,为适应战士的个人特征而量身定做的个人化腰带单元。由研究所开发，在远征时装备。,耐久：20000；叠加上限：1；配置修理次数：1；品质：稀有,,,assets/images/防具装备/猎户座-2A皮带--5d3940e512.png,原版图鉴
猎户座-2E皮带,Orion-2E Belt,稀有,随从腰带,为适应战士的个人特征而量身定做的个人化腰带单元。由研究所开发，在远征时装备。,耐久：20000；叠加上限：1；配置修理次数：1；品质：稀有,,,assets/images/防具装备/猎户座-2A皮带--5d3940e512.png,原版图鉴
镜头-3C面罩,Lens-3C Visor,独特,随从头部装备,研究所的军用开发品，有效地用于提高准确性和反应。,耐久：20000；叠加上限：1；配置修理次数：1；品质：独特,,,assets/images/防具装备/镜头-3A面罩--1224b6c40c.png,原版图鉴
镜头-3D面罩,Lens-3D Visor,独特,随从头部装备,研究所的军用开发品，有效地用于提高准确性和反应。,耐久：20000；叠加上限：1；配置修理次数：1；品质：独特,,,assets/images/防具装备/镜头-3A面罩--1224b6c40c.png,原版图鉴
镜头-3E面罩,Lens-3E Visor,独特,随从头部装备,研究所的军用开发品，有效地用于提高准确性和反应。,耐久：20000；叠加上限：1；配置修理次数：1；品质：独特,,,assets/images/防具装备/镜头-3A面罩--1224b6c40c.png,原版图鉴
刺激-3C模块,Stimulus-3C Module,独特,随从模块,"独特物品。
盟友装备。用于81级及以上盟友。",耐久：20000；叠加上限：1；配置修理次数：1；品质：独特,,,assets/images/防具装备/刺激-3A模块--ec89bb5927.png,原版图鉴
刺激-3D模块,Stimulus-3D Module,独特,随从模块,"独特物品。
盟友装备。用于81级及以上盟友。",耐久：20000；叠加上限：1；配置修理次数：1；品质：独特,,,assets/images/防具装备/刺激-3A模块--ec89bb5927.png,原版图鉴
刺激-3E模块,Stimulus-3E Module,独特,随从模块,"独特物品。
盟友装备。用于81级及以上盟友。",耐久：20000；叠加上限：1；配置修理次数：1；品质：独特,,,assets/images/防具装备/刺激-3A模块--ec89bb5927.png,原版图鉴
骑士-3C背心,Knight-3C Vest,独特,随从背心,研究所开发的轻型战术背心。可提高战士的身体表现和战斗潜力。,耐久：20000；叠加上限：1；配置修理次数：1；品质：独特,,,assets/images/防具装备/骑士-3A背心--b229404195.png,原版图鉴
骑士-3D背心,Knight-3D Vest,独特,随从背心,研究所开发的轻型战术背心。可提高战士的身体表现和战斗潜力。,耐久：20000；叠加上限：1；配置修理次数：1；品质：独特,,,assets/images/防具装备/骑士-3A背心--b229404195.png,原版图鉴
骑士-3E背心,Knight-3E Vest,独特,随从背心,研究所开发的轻型战术背心。可提高战士的身体表现和战斗潜力。,耐久：20000；叠加上限：1；配置修理次数：1；品质：独特,,,assets/images/防具装备/骑士-3A背心--b229404195.png,原版图鉴
猎户座-3C皮带,Orion-3C Belt,独特,随从腰带,为适应战士的个人特征而量身定做的个人化腰带单元。由研究所开发，在远征时装备。,耐久：20000；叠加上限：1；配置修理次数：1；品质：独特,,,assets/images/防具装备/猎户座-3A皮带--772b67ba35.png,原版图鉴
猎户座-3D皮带,Orion-3D Belt,独特,随从腰带,为适应战士的个人特征而量身定做的个人化腰带单元。由研究所开发，在远征时装备。,耐久：20000；叠加上限：1；配置修理次数：1；品质：独特,,,assets/images/防具装备/猎户座-3A皮带--772b67ba35.png,原版图鉴
猎户座-3E皮带,Orion-3E Belt,独特,随从腰带,为适应战士的个人特征而量身定做的个人化腰带单元。由研究所开发，在远征时装备。,耐久：20000；叠加上限：1；配置修理次数：1；品质：独特,,,assets/images/防具装备/猎户座-3A皮带--772b67ba35.png,原版图鉴
掌控特殊头盔,Grip Special Helmet,未标注,头部,头盔的集成寻的系统有助于在长时间射击时精确打击敌人。,耐久：320；基础护甲：2495；叠加上限：1；配置修理次数：2,,,assets/images/防具装备/突击步枪枪手头盔--e5892ccb81.png,原版图鉴
浪涌特殊头盔,Surge Special Helmet,未标注,头部,头盔的内置数据系统会计算弹丸散布，提高散弹枪的效率。,耐久：320；基础护甲：2495；叠加上限：1；配置修理次数：2,,,assets/images/防具装备/冲锋队头盔--325abe4a3e.png,原版图鉴
终局特殊头盔,Finale Special Helmet,未标注,头部,在发射高精度武器时，高亮显示敌人的弱点。,耐久：320；基础护甲：2495；叠加上限：1；配置修理次数：2,,,assets/images/防具装备/狙击手头盔--e8792bbb50.png,原版图鉴
专家背心,Specialist's Vest,未标注,内衣,轻质铠甲板提供额外的专业保护，这些铠甲板可以与身体形状相适应。,耐久：325；基础护甲：3855；叠加上限：1；配置修理次数：2,,,assets/images/防具装备/灭绝者上衣--8efa346a84.png,原版图鉴
专家裤子,Specialist's Pants,未标注,腿部,这条裤子的铠甲板在视觉上很重，但实际上是为长途徒步而制作的。,耐久：335；基础护甲：3515；叠加上限：1；配置修理次数：2,,,assets/images/防具装备/灭绝者裤子--b5bd36c20a.png,原版图鉴
专家靴子,Specialist's Boots,未标注,足部,坚硬的金属嵌件意味着这双靴子无法弯曲得太厉害，但它们确实可以防止能导致粉碎性骨折的冲击。,耐久：330；基础护甲：2665；叠加上限：1；配置修理次数：2,,,assets/images/防具装备/灭绝者靴子--9432c88c39.png,原版图鉴
机遇战术背心,Fortune Tac Vest,传奇,外套,配备集成式瞄准镜维修和更换套件，有助于在长距离外出时保持更高的武器准确性。,耐久：315；基础护甲：5040；叠加上限：1；配置修理次数：2；品质：传奇,,,assets/images/防具装备/机遇战术背心--20fd39decf.png,原版图鉴
分裂战术背心,Fracture Tac Vest,传奇,外套,护肩会吸收大量的后坐力，增加火力密度。,耐久：315；基础护甲：5040；叠加上限：1；配置修理次数：2；品质：传奇,,,assets/images/防具装备/分裂战术背心--ac9faac397.png,原版图鉴
基本战术背心,Element Tac Vest,传奇,外套,包括存放实用神器小样本的口袋，可强化武器的异象属性。,耐久：315；基础护甲：5040；叠加上限：1；配置修理次数：2；品质：传奇,,,assets/images/防具装备/基本战术背心--70be95e242.png,原版图鉴
暗黑游荡者烈焰铠甲,Black Strider's Fiery Armor,传奇,外套,在遇到一个穿着这种铠甲清理仓库的LRS特种部队的士兵后，许多人发誓说他们看到了暗黑游荡者。,耐久：315；基础护甲：0；叠加上限：1；配置修理次数：1；品质：传奇,,护甲会随等级缩放。；当前档案有 2 条同名记录；可能来自不同场景、活动或难度，请比较基础属性。,assets/images/防具装备/暗黑游荡者烈焰铠甲--cc9ed6c650.png,原版图鉴
骑士-1A背心,Knight-1A Vest,未标注,随从背心,研究所开发的轻型战术背心。可提高战士的身体表现和战斗潜力。,耐久：20000；叠加上限：1；配置修理次数：1,,当前档案有 2 条同名记录；可能来自不同场景、活动或难度，请比较基础属性。,assets/images/防具装备/骑士-1A背心--be354245a3.png,原版图鉴
鹰队工程师背包,Hawks' Engineer Backpack,未标注,背包,一个大背包。可以让你在外出时也能保持盟友设备的良好工作状态。,耐久：300；叠加上限：1；储物栏位：20,,,assets/images/防具装备/鹰队工程师背包--8520a6ef64.png,原版图鉴
游骑兵面罩,Ranger's Visor,独特,随从头部装备,带有面罩的面具，可以防止腐蚀性的荒原尘埃，帮助真正的牛仔用一发精准的射击打倒对手。,耐久：20000；叠加上限：1；配置修理次数：1；品质：独特,,,assets/images/防具装备/游骑兵面罩--4728a64e09.png,原版图鉴
游骑兵腕带,Ranger's Wristband,独特,随从模块,它看起来或许是一个简单的腕带，但实际上包含一个多用鹰队模块，有助于提高战斗表现并强化你盟友的暴击。,耐久：20000；叠加上限：1；配置修理次数：1；品质：独特,,,assets/images/防具装备/游骑兵腕带--3a5e6c3258.png,原版图鉴
游骑兵背心,Ranger's Vest,独特,随从背心,舒适而实用的背心，模仿战前牛仔的服装。装备有传感器和其他鹰队小工具，可以标记敌人最薄弱的地方，以便进行有针对性的射击。,耐久：20000；叠加上限：1；配置修理次数：1；品质：独特,,,assets/images/防具装备/游骑兵背心--05ac3aa770.png,原版图鉴
游骑兵皮带,Ranger's Belt,独特,随从腰带,宽敞的皮带，有很多口袋。其中包含一个武器库，可以打击敌人的脆弱区域。,耐久：20000；叠加上限：1；配置修理次数：1；品质：独特,,,assets/images/防具装备/游骑兵皮带--230b8a794c.png,原版图鉴
镜头-4面罩,Lens-4 Visor,传奇,随从头部装备,具有灵活设置的目标跟踪系统。它还有很多考虑到了用户技能的附加功能。,耐久：20000；叠加上限：1；配置修理次数：1；品质：传奇,,,assets/images/防具装备/镜头-4面罩--4f2a4be0d4.png,原版图鉴
刺激-4模块,Stimulus-4 Module,传奇,随从模块,该模块有一个改进的基于数据的系统，用于评估使用者的作战能力。它会为每个战士单独选择兴奋剂配方。,耐久：20000；叠加上限：1；配置修理次数：1；品质：传奇,,,assets/images/防具装备/刺激-4模块--4d0fff4b9d.png,原版图鉴
骑士-4背心,Knight-4 Vest,传奇,随从背心,不使用化学品就能强化关键肌肉群的战术背心。通过分析战士的战备状态来调整和优化其效果。,耐久：20000；叠加上限：1；配置修理次数：1；品质：传奇,,,assets/images/防具装备/骑士-4背心--ba1ac59684.png,原版图鉴
猎户座-4皮带,Orion-4 Belt,传奇,随从腰带,动态的腰带单元，可以根据你战士的战斗潜力，允许你移动和组成几乎任何战术装备的组合。,耐久：20000；叠加上限：1；配置修理次数：1；品质：传奇,,,assets/images/防具装备/猎户座-4皮带--35614481ef.png,原版图鉴
惩教员头盔,Corrector's Helmet,未标注,头部,扫描模块会将目标的弱点投影显示在防护盾上，并协助惩教部人员对敌人造成暴击伤害。,耐久：385；基础护甲：3609；叠加上限：1；配置修理次数：2,,,assets/images/防具装备/惩教员头盔--965bb844a6.png,原版图鉴
惩教员背心,Corrector's Vest,未标注,内衣,根据惩教部部长、高级专家[数据已抹除]的命令，该装备在新黎明巡逻时可代替基本铠甲。,耐久：390；基础护甲：3806；叠加上限：1；配置修理次数：2,,,assets/images/防具装备/惩教员背心--51362b7e3c.png,原版图鉴
惩教员裤子,Corrector's Pants,未标注,腿部,可靠的铠甲，在惩教员处理各种事故后果时不会限制他们的行动。,耐久：400；基础护甲：4003；叠加上限：1；配置修理次数：2,,,assets/images/防具装备/惩教员裤子--e2ba001c21.png,原版图鉴
惩教员靴子,Corrector's Boots,未标注,足部,轻便耐用的靴子，可在紧急情况下快速离开事故现场。,耐久：395；基础护甲：3412；叠加上限：1；配置修理次数：2,,,assets/images/防具装备/惩教员靴子--0f6444dac3.png,原版图鉴
惩教员铠甲,Corrector's Armor,未标注,外套,安装在肩部的视频记录和面部识别系统会记录事件现场并将信息传输给惩教部。,耐久：395；基础护甲：6170；叠加上限：1；配置修理次数：2,,,assets/images/防具装备/惩教员铠甲--5b9e01440f.png,原版图鉴
自制麻袋,Homemade Sack,未标注,背包,用碎布缝成的袋子。 适用于携带不太大的物品。,耐久：300；叠加上限：1；储物栏位：5,,可以被生产；相关工作台：残骸,assets/images/防具装备/麻袋--4ca32381dd.png,原版图鉴
旅行背包M-1,Travel Backpack M-1,未标注,背包,特别大， 可以往里面装口粮和战利品。,耐久：300；叠加上限：1；储物栏位：10,,可以被生产；相关工作台：残骸,assets/images/防具装备/旅行背包--f550f4ae86.png,原版图鉴
军队背包M-1,Army Backpack M-1,未标注,背包,一个大容量的背包， 可以装下很多战利品。,耐久：300；叠加上限：1；储物栏位：15,,可以被生产；相关工作台：残骸,assets/images/防具装备/军队背包--eab54a3fb5.png,原版图鉴
送葬者背包M-1,Undertakers' Backpack M-1,罕见,背包,空间宽敞， 可以放置战利品和敌人头骨。,耐久：300；叠加上限：1；储物栏位：10；品质：罕见,,,assets/images/防具装备/送葬者背包--e11212e85a.png,原版图鉴
守护者面罩,Guardian's Visor,传奇,随从头部装备,即使在没有月亮的夜晚，敌人也无法躲避装备了这些黑帮感应面罩的战士。,耐久：20000；叠加上限：1；配置修理次数：1；品质：传奇,,,assets/images/防具装备/守护者面罩--dabb5730fb.png,原版图鉴
守护者臂甲,Guardian's Vambrace,传奇,随从模块,有人说黑帮战士手上沾满鲜血。但真正的战士会保持他们的臂甲一尘不染。,耐久：20000；叠加上限：1；配置修理次数：1；品质：传奇,,,assets/images/防具装备/守护者臂甲--39da17acf1.png,原版图鉴
守护者背心,Guardian's Vest,传奇,随从背心,胸前的黑帮徽章是组织中最杰出战士的身份象征。,耐久：20000；叠加上限：1；配置修理次数：1；品质：传奇,,,assets/images/防具装备/守护者背心--4b113a18a6.png,原版图鉴
守护者腰带,Guardian's Belt,传奇,随从腰带,黑帮战士必须使用任何必要的手段为部落服务，而且它们都必须伸手可及。,耐久：20000；叠加上限：1；配置修理次数：1；品质：传奇,,,assets/images/防具装备/守护者腰带--32bb7efd6f.png,原版图鉴
北极头盔,Arctic Helmet,未标注,头部,头盔的集成寻的系统由研究所开发，有助于在鹰队长时间射击时精确打击敌人。,耐久：385；基础护甲：3281；叠加上限：1；配置修理次数：2,,,assets/images/防具装备/北极头盔--a5a033d405.png,原版图鉴
北极背心,Arctic Vest,未标注,内衣,为脆弱区域提供额外保护。寒冰灭绝者装备。,耐久：390；基础护甲：4053；叠加上限：1；配置修理次数：2,,,assets/images/防具装备/北极背心--cddc110057.png,原版图鉴
北极裤子,Arctic Pants,未标注,腿部,精英小队在异象区执行特殊派系任务的耐用装备。鹰队装备。,耐久：400；基础护甲：3667；叠加上限：1；配置修理次数：2,,,assets/images/防具装备/北极裤子--69d2dfc84a.png,原版图鉴
北极靴子,Arctic Boots,未标注,足部,鹰队中流传着一个传说，雷蒙德中尉穿着这双靴子在近战中干掉了一个火焰爪怪。,耐久：395；基础护甲：3088；叠加上限：1；配置修理次数：2,,,assets/images/防具装备/北极靴子--cde59b15bb.png,原版图鉴
北极铠甲,Arctic Armor,未标注,外套,研究所的科学家们在核战之前就开始开发这种铠甲了。它经过低温神器的改装，以满足寒冰灭绝者的需要。,耐久：395；基础护甲：5211；叠加上限：1；配置修理次数：2,,,assets/images/防具装备/北极铠甲--bbd03a45fb.png,原版图鉴
“寒冰-改”背包,Ice-M Backpack,传奇,背包,研究所生产的一批实验性背包，是为经常造访具有火焰异象的区域的游荡者准备的。,耐久：300；叠加上限：1；储物栏位：15；品质：传奇,,,assets/images/防具装备/“寒冰-改”背包--e9cf75cca9.png,原版图鉴
研究所送货员背包,Institute Couriers' Backpack,未标注,背包,"研究所后勤部送货员的装备零件。让你可以令敌人失明，在不损坏宝贵货物的情况下离开战场。

攻击时有30%的几率使一名敌人失明。该效果对常规敌人持续5秒，对头目持续3 秒。不影响祭坛和炮塔。",耐久：300；叠加上限：1；储物栏位：15,,,assets/images/防具装备/研究所送货员背包--3d2a822241.png,原版图鉴
镜头-U面罩,Lens-U Visor,传奇,随从头部装备,具有灵活设置的目标跟踪系统。它还有很多考虑到了用户技能的附加功能。,耐久：20000；叠加上限：1；配置修理次数：1；品质：传奇,,,assets/images/防具装备/镜头-U面罩--6bab97e0e0.png,原版图鉴
刺激-U模块,Stimulus-U Module,传奇,随从模块,该模块有一个改进的基于数据的系统，用于评估使用者的作战能力。它会为每个战士单独选择兴奋剂配方。,耐久：20000；叠加上限：1；配置修理次数：1；品质：传奇,,,assets/images/防具装备/刺激-U模块--c75e23bc86.png,原版图鉴
骑士-U背心,Knight-U Vest,传奇,随从背心,不使用化学品就能强化关键肌肉群的战术背心。通过分析战士的情况来调整和优化其效果。,耐久：20000；叠加上限：1；配置修理次数：1；品质：传奇,,,assets/images/防具装备/骑士-U背心--63207b441b.png,原版图鉴
猎户座-U皮带,Orion-U Belt,传奇,随从腰带,动态的腰带单元，可以根据你战士的战斗潜力，允许你移动和组成几乎任何战术装备的组合。,耐久：20000；叠加上限：1；配置修理次数：1；品质：传奇,,,assets/images/防具装备/猎户座-U皮带--89b1c7f08c.png,原版图鉴
破旧头巾,Shabby Bandana,未标注,头部,领地的典型头饰。,耐久：85；基础护甲：60；叠加上限：1,,可以被生产；相关工作台：残骸,assets/images/防具装备/漫游者头巾--1ca6aa24ee.png,原版图鉴
破旧衬衫,Shabby Shirt,未标注,内衣,纯手工亚麻布。 很适合露面或者藏身灌木丛。,耐久：112；基础护甲：70；叠加上限：1,,可以被生产；相关工作台：残骸,assets/images/防具装备/漫游者衬衫--425ebe74a8.png,原版图鉴
破旧牛仔裤,Shabby Jeans,未标注,腿部,这里的饮食糟糕极了，你都无法找到尺寸合适的衣服。,耐久：138；基础护甲：100；叠加上限：1,,可以被生产；相关工作台：残骸,assets/images/防具装备/破旧牛仔裤--6e05048859.png,原版图鉴
破旧靴子,Shabby Boots,未标注,足部,饰有兽皮的实用靴子。,耐久：155；基础护甲：70；叠加上限：1,,可以被生产；相关工作台：残骸,assets/images/防具装备/漫游者鞋子--762facbc25.png,原版图鉴
破旧夹克,Shabby Jacket,传奇,外套,战前设计的牛仔夹克。 这件夹克破烂不堪， 但还是能为你提供还过得去的保护， 尤其当你没有其他衣物时。,耐久：101；基础护甲：110；叠加上限：1；品质：传奇,,可以被生产；相关工作台：残骸,assets/images/防具装备/漫游者背心--c7341008f5.png,原版图鉴
鹰队专家头盔,Hawk-S Helmet,未标注,头部,配备装载式设备的防弹头盔，由鹰队在琥珀护盾行动中首次使用。,耐久：320；基础护甲：2485；叠加上限：1；配置修理次数：2,,,assets/images/防具装备/鹰队专家头盔--b07d306c6c.png,原版图鉴
鹰队专家背心,Hawk-S Vest,未标注,内衣,这种耐用的防割布料可为穿戴者抵御冷兵器攻击，并且拯救了莫顿战士不止一次。,耐久：325；基础护甲：3830；叠加上限：1；配置修理次数：2,,,assets/images/防具装备/鹰队专家背心--17bf75983b.png,原版图鉴
鹰队专家裤子,Hawk-S Pants,未标注,腿部,这件装备拥有很高的铠甲评分，并且可安装额外装备，在鹰队的老兵中特别受欢迎。,耐久：335；基础护甲：3495；叠加上限：1；配置修理次数：2,,,assets/images/防具装备/鹰队专家裤子--8ec82ff8ff.png,原版图鉴
鹰队专家靴子,Hawk-S Boots,未标注,足部,这些靴子仅根据鹰队供需员的特殊命令发放。,耐久：330；基础护甲：2650；叠加上限：1；配置修理次数：2,,,assets/images/防具装备/鹰队专家靴子--636bb32b31.png,原版图鉴
鹰队专家铠甲,Hawk-S Armor,传奇,外套,还剩极少数的鹰队战士属于加尔科夫核电站部署的一部分，有资格穿戴这件铠甲。,耐久：315；基础护甲：5015；叠加上限：1；配置修理次数：2；品质：传奇,,,assets/images/防具装备/鹰队专家铠甲--23995ef8f4.png,原版图鉴
兄弟会背包,Brotherhood Backpack,未标注,背包,根据传统，这个背包只能由在领地上探索过特别危险地带的队员们装备。据说，如果上面看到有哪个新人背着它，就会派他去悬挂路线信标，这可是有去无回的。,耐久：300；叠加上限：1；储物栏位：15,,,assets/images/防具装备/兄弟会背包--70128e09eb.png,原版图鉴
恢复器,Restorative,未标注,配件,可以远程影响你盟友耐力的装置。根据研究所用来制造能量强化器的一种提振物质的升级配方而制造。,叠加上限：1,,出现场景：月神公园,assets/images/防具装备/恢复器--67666d225d.png,原版图鉴
游荡者弹链,Strider's Cartridge Belt,未标注,配件,"有经验的游荡者总是会准备额外
的弹药，以防焦尸。",耐久：130000；叠加上限：1,,,assets/images/防具装备/游荡者弹链--dbbba7ff60.png,原版图鉴
森林野兽骨头铠甲,Forest Beast's Bone Armor,传奇,外套,尖叫之神的仆从用死在他锤子下的敌人骨头来装饰野兽铠甲。,耐久：315；基础护甲：0；叠加上限：1；配置修理次数：1；品质：传奇,,护甲会随等级缩放。,assets/images/防具装备/森林野兽骨头铠甲--4028880a42.png,原版图鉴
血色吸附剂,Bloody Sorbent,未标注,配件,由变异合成部的科学家们发明，结合了供体神器的最佳特性。,耐久：195000；叠加上限：1,,,assets/images/防具装备/血色吸附剂--52d39f337e.png,原版图鉴
要塞兵团弹药,Citadel-C Load-Out,未标注,配件,守卫警戒线的要塞兵团特种部队作战营的战士在对付焦尸突破时，会使用这种重型武器弹药。,耐久：130000；叠加上限：1,,,assets/images/防具装备/要塞兵团弹药--c4da8d0719.png,原版图鉴
扩张弹药,Expanding Ammo,未标注,配件,"在核战之前，军队中禁止使用这种
武器，但在领地上，人人都只求生存。
对敌之时，火力比人道主义更重要。",耐久：130000；叠加上限：1,,,assets/images/防具装备/扩张弹药--1804e1b711.png,原版图鉴
要塞兵团防毒面具,CC Gas Mask,未标注,配件,该研究所开发的新型过滤器可阻挡放射性粒子并防止窒息毒气被人体吸入。,叠加上限：1,,,assets/images/防具装备/要塞兵团防毒面具--24e4da3bec.png,原版图鉴
战前弹药,Pre-War Ammo,未标注,配件,领地上的各种团体为自动武器生产有限的弹药供应。但是，人们认为在核战之前生产的弹药质量最高。,耐久：130000；叠加上限：1,,,assets/images/防具装备/战前弹药--5270c79bda.png,原版图鉴
穿甲弹,Armor-piercing ammo,未标注,配件,由于采用了钢芯，这种弹药扩大了狙击步枪的战术能力，使你可以有效地打击装甲目标。,耐久：130000；叠加上限：1,,,assets/images/防具装备/穿甲弹--74ab35b07e.png,原版图鉴
专家腰带,Specialist's Belt,未标注,配件,"研究所拥有历史悠久的优质装备生
产线，供要塞兵团的精英部队
和鹰队战士战斗机使用。",耐久：130000；叠加上限：1,,,assets/images/防具装备/专家腰带--93155fc81e.png,原版图鉴
头骨收集者背包,Skull Collector's Backpack,传奇,背包,宽敞的背包，只有一个目的：让任何胆敢与送葬者巫师团对抗的人感到恐惧。,耐久：300；叠加上限：1；储物栏位：20；品质：传奇,,,assets/images/防具装备/头骨收集者背包--c98b0ad8cf.png,原版图鉴
彩蛋收集者背包,Egg Collector's Backpack,传奇,背包,内置控制系统，可自动分配神器模块的能量，并显著提高其效率。,耐久：300；叠加上限：1；储物栏位：20；品质：传奇,,,assets/images/防具装备/彩蛋收集者背包--0971160c21.png,原版图鉴
昂贡的传承,Ongun's Legacy,未标注,配件,送葬者相信，在昂贡的保护下，任何在巫毒神殿制造的零件都会将洛亚神的力量给予武器。,耐久：130000；叠加上限：1,,,assets/images/防具装备/昂贡的传承--a7705d912f.png,原版图鉴
工头共生背包,Foreman's Symbiotic Backpack,传奇,背包,如果物品属于别人，共生体的触手会对任何试图从背包中取出战利品的行为做出激烈反应。,耐久：300；叠加上限：1；储物栏位：15；品质：传奇,,,assets/images/防具装备/工头共生背包--b3ba26da30.png,原版图鉴
狂腐士朝圣者吊坠,Decay Pilgrim's Pendant,未标注,配件,“我将我的一份力量赐予你。愿它在通往核电站的旅途中助你通过即将到来的考验，正如你对永恒之火的信仰助我净化我们世界上的迷失者。”——摘自荣耀盲者对朝圣者的演讲。,耐久：265；叠加上限：1,,,assets/images/防具装备/狂腐士朝圣者吊坠--3b51d184d3.png,原版图鉴
鹰队枪油,Hawks' Gun Oil,未标注,配件,仅根据鹰队供需员的命令发放。提供增强的防腐蚀保护，适用于清洁枪管和给零件上油。,耐久：130000；叠加上限：1,,,assets/images/防具装备/鹰队枪油--5439127d93.png,原版图鉴
